Branch,Pressure [bar],x_CO2 [-],x_CH4 [-],y_CO2 [-],y_CH4 [-],rho_L [kg/m3],rho_V [kg/m3],rho_L_mol_cm3 [mol/cm3],rho_V_mol_cm3 [mol/cm3],M_liq [kg/mol],M_vap [kg/mol]
Dew,17.87186184672699,0.9999222364026373,7.776359736262687e-05,0.999,0.0010000000000000009,1045.9577774577335,46.681853816219785,0.02376781077067028,0.0010613966970791048,0.044007325182362014,0.04398153296
Dew,17.94332071556822,0.9996611586278685,0.0003388413721313726,0.9956622073578596,0.004337792642140403,1045.6323896827137,46.78041965957303,0.02376435974116192,0.0010659000798148189,0.044000023609791945,0.04388818477966555
Dew,18.015357028872586,0.9993977216841824,0.0006022783158176356,0.9923244147157191,0.007675585284280917,1045.304069623443,46.8798285700295,0.023760876548107542,0.001070441910742179,0.043992656058250396,0.0437948365993311
Dew,18.087977139322184,0.9991318971058832,0.0008681028941167572,0.9889866220735787,0.01101337792642132,1044.9727821623917,46.98009073971586,0.023757360791267782,0.0010750226694634507,0.043985221731636125,0.04370148841899666
Bubble,18.12398533796472,0.999,0.0010000000000000009,0.9873416126106641,0.012658387389335862,1044.8084071858473,47.02982512565454,0.023755615979462835,0.0010772948222913755,0.04398153296,0.04365548237354695
Dew,18.161187502679038,0.9988636559226031,0.0011363440773970136,0.9856488294314382,0.014351170568561833,1044.6384915620474,47.08121656282206,0.023753812063109676,0.0010796428443210855,0.04397771981973368,0.04360814023866222
Dew,18.234994680051354,0.9985929686472722,0.00140703135272779,0.9823110367892978,0.017688963210702235,1044.3011614501584,47.18321664040583,0.02375022994862867,0.001084302932601881,0.04397014949787701,0.04351479205832776
Dew,18.309405340214987,0.9983198052637623,0.001680194736237742,0.9789732441471573,0.02102675585284275,1043.9607548045767,47.28610178532424,0.023746614025165685,0.001089003440746695,0.04396250992660385,0.043421443877993314
Dew,18.38442807679228,0.9980441351721371,0.001955864827862934,0.9756354515050167,0.024364548494983262,1043.6172345674636,47.3898891173214,0.02374296387718213,0.0010937450251219327,0.04395480025012456,0.043328095697658865
Dew,18.460066306856923,0.9977659273335184,0.0022340726664815897,0.9722976588628763,0.027702341137123665,1043.270561141595,47.49457821886174,0.023739279037086867,0.0010985279421333587,0.04394701960037361,0.04323474751732442
Dew,18.536328699527495,0.9974851500339469,0.002514849966053057,0.9689598662207358,0.03104013377926418,1042.9206960554566,47.60018615813654,0.02373555907215159,0.0011033528557179543,0.0439391670904054,0.04314139933698997
Dew,18.6132223787379,0.9972017710104238,0.0027982289895762003,0.9656220735785954,0.03437792642140458,1042.567599527009,47.70672464751932,0.023731803527159798,0.0011082203111567233,0.043931241817919374,0.043048051156655526
Dew,18.69075458860919,0.9969157574037543,0.003084242596245778,0.9622842809364549,0.037715719063545095,1042.2112310419898,47.81420563797617,0.02372801193824411,0.001113130864025155,0.043923242863941094,0.04295470297632107
Dew,18.768932696146813,0.9966270757439669,0.0033729242560331654,0.9589464882943144,0.04105351170568561,1041.8515493360362,47.92264132487938,0.023724183832669287,0.0011180850804409634,0.043915169292414555,0.04286135479598663
Dew,18.84776419400922,0.9963356919353173,0.003664308064682723,0.955608695652174,0.04439130434782601,1041.4885123763022,48.032044153992196,0.02372031872860897,0.0011230835373190735,0.043907020149782705,0.042768006615652186
Dew,18.927256703349066,0.9960415712408622,0.00395842875913778,0.9522709030100335,0.047729096989966524,1041.1220773425557,48.142426827627446,0.023716416134915944,0.001128126822634029,0.043898794464556044,0.042674658435317724
Dew,19.007417976727055,0.9957446782665889,0.004255321733411133,0.9489331103678931,0.05106688963210693,1040.7522006077297,48.25380231097909,0.02371247555088547,0.0011332155356899088,0.04389049124686883,0.04258131025498328
Bubble,19.029669942216284,0.9956622073578596,0.004337792642140403,0.9480114830832129,0.05198851691678707,1040.6494579480766,48.284728678460674,0.023711380709238956,0.0011346286352992368,0.04388818477966555,0.042555535067847546
Dew,19.088255901103448,0.9954449769450842,0.004555023054915826,0.9455953177257526,0.05440468227424744,1040.3788377178983,48.36618383864109,0.02370849646601134,0.001138350287398218,0.04388210948802225,0.04248796207464883
Dew,19.169778500910645,0.9951424305187285,0.004857569481271557,0.942257525083612,0.057742474916387954,1040.0019433716993,48.47958492132417,0.023704478359735187,0.0011435317005641097,0.0438736481600145,0.042394613894314384
Dew,19.25199394120318,0.9948370015223956,0.005162998477604371,0.9389197324414716,0.061080267558528356,1039.6214713991315,48.59401935275639,0.023700420701187695,0.0011487604101807476,0.0438651062150569,0.042301265713979935
Dew,19.334910530896593,0.9945286517656436,0.0054713482343563,0.9355819397993311,0.06441806020066887,1039.237374739737,48.70950121680369,0.023696322948922155,0.001154037063732783,0.04385648258507582,0.042207917533645486
Dew,19.418536726091784,0.9942173423143762,0.00578265768562388,0.9322441471571907,0.06775585284280927,1038.8496054201355,48.826044894798194,0.023692184550639813,0.0011593623215088035,0.04384777618119985,0.04211456935331104
Dew,19.502881133487765,0.9939030334719565,0.0060969665280435174,0.9289063545150502,0.07109364548494979,1038.458114530898,48.943665073081526,0.023688004942906973,0.0011647368569230605,0.04383898589323155,0.042021221172976596
Dew,19.587952513891572,0.9935856847597552,0.006414315240244728,0.9255685618729097,0.0744314381270903,1038.0628522027162,49.062376750791046,0.023683783550863036,0.0011701613568472918,0.04383011058910346,0.04192787299264214
Dew,19.6737597858204,0.9932652548971097,0.006734745102890373,0.9222307692307693,0.0777692307692307,1037.6637675818663,49.18219524787058,0.023679519787919726,0.001175636521952347,0.04382114911431767,0.04183452481230769
Dew,19.760312029205902,0.9929417017806733,0.007058298219326626,0.9188929765886288,0.08110702341137122,1037.2608088049205,49.30313621333683,0.023675213055450825,0.0011811630670605295,0.043812100291368165,0.04174117663197325
Dew,19.84761848920018,0.9926149824631357,0.007385017536864304,0.9155551839464884,0.08444481605351162,1036.8539229726905,49.42521563379832,0.02367086274247198,0.0011867417215087352,0.043802962919145816,0.0416478284516388
Bubble,19.925184537595516,0.9923244147157191,0.007675585284280917,0.9126138839622917,0.08738611603770843,1036.4920716989443,49.53374327643114,0.02366699255397553,0.0011917013160487335,0.0437948365993311,0.04156556899732877
Dew,19.935688580088012,0.9922850531312848,0.007714946868715254,0.9122173913043479,0.08778260869565213,1036.4430561233755,49.548449842239805,0.023666468225310672,0.0011923732295228758,0.04379373577232477,0.04155448027130436
Dew,20.024531889310502,0.9919518690833918,0.008048130916608208,0.9088795986622075,0.09112040133779253,1036.0281532048716,49.6728555270876,0.023662028867265296,0.0011980583506041355,0.043784417600729986,0.0414611320909699
Dew,20.11415818160037,0.9916153847058912,0.008384615294108843,0.905541806020067,0.09445819397993305,1035.6091580462312,49.79844974155454,0.02365754401825359,0.0012037978599272175,0.043775007128685046,0.041367783910635454
Dew,20.204577403237497,0.9912755534493282,0.008724446550671788,0.9022040133779264,0.09779598662207356,1035.186013328226,49.925249913291346,0.023653013014449602,0.001209592548751417,0.043765503054339495,0.041274435730301005
Dew,20.29579968642437,0.9909323278035485,0.009067672196451578,0.898866220735786,0.10113377926421396,1034.7586605529818,50.05327385434069,0.02364843517790881,0.001215443224844637,0.043755904048974954,0.041181087549966564
Dew,20.387835353788404,0.9905856592720984,0.009414340727901527,0.8955284280936455,0.10447157190635448,1034.3270400126519,50.182539771415954,0.023643809816180986,0.0012213507129210863,0.043746208756289144,0.0410877393696321
Dew,20.480694923015825,0.9902354983458093,0.0097645016541907,0.8921906354515051,0.10780936454849488,1033.8910907571023,50.313066276517226,0.02363913622191052,0.001227315855093181,0.04373641579165718,0.040994391189297666
Dew,20.57438911161968,0.9898817944754628,0.010118205524537176,0.8888528428093646,0.11114715719063539,1033.450750559123,50.44487239789123,0.02363441367239164,0.0012333395113380493,0.04372652374136705,0.04090104300896322
Dew,20.66892884184891,0.9895244960438884,0.010475503956111569,0.8855150501672241,0.1144849498327759,1033.005955885392,50.577977591356294,0.02362964142926135,0.0012394225599793782,0.043716531161839274,0.04080769482862877
Dew,20.764325245741887,0.9891635503365451,0.010836449663454817,0.8821772575250837,0.11782274247491631,1032.5566418531946,50.712401752001256,0.023624818737886816,0.001245565898185076,0.04370643657880417,0.040714346648294326
Bubble,20.81104370955948,0.9889866220735787,0.01101337792642132,0.8805534791158233,0.11944652088417673,1032.3364027651794,50.77826857119999,0.023622454065350133,0.0012485763237860173,0.04370148841899666,0.040668934372571394
Dew,20.860589670331244,0.988798903511721,0.011201096488279003,0.8788394648829432,0.12116053511705682,1032.1027421986253,50.848165226278326,0.023619944827018458,0.001251770442481497,0.04369623848646845,0.040620998467959864
Dew,20.957733683004886,0.9884305005694667,0.011569499430533262,0.8755016722408028,0.12449832775919722,1031.6441892374862,50.98528882450475,0.023615018908292276,0.0012580371292848533,0.0436859353466463,0.04052765028762542
Dew,21.055769077027918,0.9880582853195506,0.011941714680449366,0.8721638795986623,0.12783612040133774,1031.1809138260905,51.12379383378554,0.023610040175741785,0.0012643669154504108,0.043675525587863286,0.04043430210729097
Dew,21.154707877233307,0.9876822003483404,0.012317799651659491,0.8688260869565217,0.13117391304347825,1030.712845320771,51.263702031382,0.023605007805293492,0.0012707607788403513,0.04366500760443005,0.040340953926956524
Dew,21.254562345886498,0.9873021869845693,0.012697813015430695,0.8654882943143813,0.13451170568561865,1030.2399115360247,51.405035698540004,0.023599920954244707,0.0012772197189109655,0.04365437975548493,0.040247605746622075
Dew,21.35534498873028,0.9869181852639393,0.013081814736060765,0.8621505016722408,0.13784949832775917,1029.7620387012332,51.54781763479734,0.023594778760722964,0.0012837447573199666,0.043643640364004005,0.04015425756628763
Dew,21.4570685612177,0.9865301338925152,0.013469866107484735,0.8588127090301004,0.14118729096989957,1029.2791514159217,51.6920711727929,0.023589580343126713,0.0012903369385548207,0.04363278771577733,0.04006090938595318
Dew,21.559746074939248,0.9861379702088597,0.013862029791140184,0.8554749163879599,0.14452508361204008,1028.7911726034667,51.83782019359633,0.023584324799545767,0.001296997330582904,0.04362182005834999,0.039967561205618736
Dew,21.66339080425283,0.985741630144855,0.014258369855144887,0.8521371237458194,0.1478628762541806,1028.2980234632196,51.98508914258372,0.023579011207161472,0.001303727025524489,0.04361073559992637,0.03987421302528429
Bubble,21.68763551492252,0.9856488294314382,0.014351170568561833,0.8513606929324529,0.14863930706754724,1028.182555717514,52.019550574054,0.023577766675909405,0.0013053021130908246,0.04360814023866222,0.03985249855366963
Dew,21.768016293122173,0.9853410481851583,0.014658951814841573,0.848799331103679,0.151200668896321,1027.7996234209488,52.133903045875925,0.023573638621624912,0.001310527140349346,0.04359953250823625,0.03978086484494983
Dew,21.873636362176168,0.9849361573252324,0.015063842674767567,0.8454615384615385,0.1545384615384615,1027.2958900775607,52.28428752737761,0.02356820607641295,0.0013173988175983118,0.04358820890936107,0.03968751666461539
Dew,21.980265115991347,0.9845268890278901,0.01547311097210989,0.8421237458193981,0.15787625418060192,1026.786739155996,52.43626882642313,0.023562712582160507,0.0013243432261303974,0.043576762886518565,0.03959416848428094
Dew,22.087916950612914,0.9841131731782908,0.01588682682170916,0.8387859531772576,0.16121404682274243,1026.2720844462465,52.58987381607662,0.023557157125968387,0.0013313615618970424,0.043565192478804186,0.0395008203039465
Dew,22.196606561320465,0.98369493803732,0.016305061962680018,0.8354481605351171,0.16455183946488294,1025.7518377484007,52.74513002210488,0.02355153867068555,0.0013384550487444545,0.043553495679887255,0.039407472123612036
Dew,22.306348950646072,0.983272110193283,0.016727889806716967,0.8321103678929767,0.16788963210702335,1025.22590881363,52.902065642645894,0.02354585615416445,0.0013456249392450657,0.043541670436659956,0.039314123943277594
Dew,22.417159436661123,0.9828446145118396,0.017155385488160375,0.8287725752508361,0.17122742474916386,1024.6942052830404,53.06070956862468,0.02354010848848863,0.0013528725155599263,0.043529714647837205,0.039220775762943146
Dew,22.529053661536295,0.9824123740841002,0.017587625915899737,0.8254347826086957,0.17456521739130426,1024.1566326242785,53.22109140492846,0.02353429455917099,0.0013601990903328405,0.043517626162505,0.039127427582608704
Bubble,22.555259098120573,0.9823110367892978,0.017688963210702235,0.8246575612235413,0.17534243877645866,1024.0305998581941,53.258667067880396,0.023532931019998232,0.0013619160205214716,0.04351479205832776,0.03910569100104123
Dew,22.642047600390885,0.9819753101728033,0.018024689827196724,0.8220969899665552,0.17790301003344478,1023.6130940657913,53.38324149239292,0.023528413224321226,0.0013676060076181183,0.0435054027786152,0.039034079402274255
Dew,22.756157570439385,0.9815333421564874,0.01846665784351273,0.8187591973244147,0.1812408026755853,1023.0634905286646,53.54719093062315,0.023522463313781855,0.001375094643843099,0.04349304224142417,0.0389407312219398
Dew,22.871400240451244,0.9810863874595561,0.018913612540443867,0.8154214046822743,0.1845785953177257,1022.5077204112001,53.71297160169933,0.023516443625084316,0.001382666408807332,0.04348054224153691,0.03884738304160536
Dew,22.98779264053359,0.9806343615386436,0.019365638461356447,0.8120836120401338,0.1879163879598662,1021.9456800788447,53.880616194798314,0.02351035293476793,0.0013903227467198325,0.04346790041452571,0.03875403486127091
Dew,23.105352172255394,0.9801771777526629,0.01982282224733715,0.8087458193979934,0.1912541806020066,1021.3772629646849,54.05015823178855,0.023504189979499754,0.0013980651372765354,0.04345511433729583,0.03866068668093646
Dew,23.224096619119983,0.9797147473416921,0.020285252658307898,0.8054080267558529,0.19459197324414712,1020.8023600256263,54.221632093821704,0.023497953466714145,0.0014058950967792436,0.043442181527494995,0.038567338500602004
Dew,23.34404415740916,0.9792469793490576,0.020753020650942398,0.8020702341137124,0.19792976588628763,1020.2208595296212,54.39507304899299,0.023491642070722085,0.0014138141792986423,0.04342909944133427,0.03847399032026756
Bubble,23.414150312948987,0.9789732441471573,0.02102675585284275,0.8001346689227519,0.19986533107724824,1019.880579120682,54.49653604452123,0.023487947153170877,0.0014184470861797892,0.043421443877993314,0.03841985829114936
Dew,23.465213367410183,0.9787737805513975,0.021226219448602517,0.798732441471572,0.20126755852842804,1019.6326469702994,54.570517281108145,0.02348525443162075,0.0014218239778831185,0.04341586547163216,0.03838064213993311
Dew,23.587623245042394,0.9782950553859795,0.021704944614020515,0.7953946488294314,0.20460535117056855,1019.0376049782706,54.748001919609635,0.023478789154159237,0.0014299261258155396,0.043402476945781907,0.03828729395959867
Dew,23.711293213903794,0.9778107058751352,0.022189294124864787,0.792056856187291,0.20794314381270895,1018.4356132289001,54.92756507072827,0.02347224480655758,0.001438122297920548,0.04338893112363815,0.038193945779264216
Dew,23.836243137752497,0.9773206315476771,0.022679368452322886,0.7887190635451505,0.21128093645484947,1017.8265483464199,55.10924584990843,0.023465619919277307,0.0014464142119244984,0.04337522519531915,0.03810059759892977
Dew,23.962493333445053,0.9768247293571506,0.023175270642849386,0.7853812709030101,0.21461872909698987,1017.2102838041732,55.29308441557867,0.02345891298374061,0.0014548036298708353,0.04336135627892061,0.038007249418595325
Dew,24.09006458435445,0.9763228935967668,0.023677106403233124,0.7820434782608696,0.21795652173913038,1016.5866898208347,55.479122004340894,0.023452122450996354,0.0014632923595937956,0.04334732141813653,0.037913901238260876
Dew,24.21897815428107,0.9758150158108534,0.02418498418914651,0.7787056856187291,0.2212943143812709,1015.9556332523723,55.66740096762508,0.02344524673032919,0.0014718822562526837,0.043333117579782775,0.03782055305792642
Bubble,24.264499432309414,0.9756354515050167,0.024364548494983262,0.7775351006941988,0.22246489930580113,1015.7325189346084,55.733933220574094,0.023442814704397248,0.0014749181140370387,0.043328095697658865,0.03778781526251869
Dew,24.349255801891495,0.9753009847026498,0.024699015297350222,0.7753678929765887,0.2246321070234113,1015.3169774795709,55.85796480992036,0.023438284187809823,0.0014805752239307058,0.0433187416512184,0.03772720487759198
Dew,24.48091979569714,0.9747806860382644,0.0252193139617355,0.7720301003344482,0.2279698996655518,1014.6705822908757,56.05085822862579,0.0234312331447828,0.0014893732173006428,0.04330419043765959,0.03763385669725753
Dew,24.61399292960866,0.974254002546602,0.025745997453397954,0.7686923076923078,0.23130769230769221,1014.0163037603315,56.24612715563827,0.023424091876288876,0.0014982782433616418,0.04328946065938092,0.03754050851692308
Dew,24.748498539083982,0.9737208138150509,0.02627918618494904,0.7653545150501673,0.23464548494983273,1013.3539941203567,56.44381880073907,0.023416858609418317,0.0015072923632500194,0.043274548948798085,0.03744716033658863
Dew,24.88446051790778,0.9731809961807206,0.026819003819279336,0.7620167224080268,0.23798327759197324,1012.6835016291049,56.643981696903744,0.023409531521591843,0.0015164176941287048,0.043259451847426064,0.037353812156254176
Dew,25.02190333562153,0.9726344226169906,0.027365577383009442,0.7586789297658864,0.24132107023411364,1012.0046704321122,56.84666574760333,0.023402108738764926,0.0015256564111585282,0.04324416580270629,0.037260463975919735
Bubble,25.106463553405337,0.9722976588628763,0.027702341137123665,0.7566429649403935,0.2433570350596064,1011.586431050074,56.97151189832958,0.023397532983041598,0.0015313471862758033,0.04323474751732442,0.037203524066206584
Dew,25.160852055646412,0.9720809626151328,0.027919037384867295,0.7553411371237458,0.24465886287625416,1011.3173404179512,57.051922276237036,0.023394588333551694,0.0015350107495565655,0.043228687164695925,0.037167115795585286
Dew,25.30133235412494,0.971520482060742,0.02847951793925796,0.7520033444816054,0.24799665551839456,1010.6213470675591,57.25980407778716,0.02338696832326376,0.0015444830067455162,0.04321301218261205,0.03707376761525084
Dew,25.44337053952188,0.9709528431047053,0.029047156895294628,0.7486655518394649,0.2513344481605351,1009.9165212969302,57.47036547283305,0.02337924666785989,0.0015540755445994303,0.04319713700122302,0.036980419434916395
Dew,25.58699357301866,0.9703779040284076,0.02962209597159235,0.7453277591973244,0.2546722408026756,1009.2026892927707,57.683662364044224,0.02337142126780058,0.0015637907917907424,0.043181057657078636,0.03688707125458194
Dew,25.732229089742667,0.969795519102872,0.030204480897127964,0.741989966555184,0.258010033444816,1008.4796723407903,57.8997522952936,0.023363489961803496,0.0015736312462442418,0.043164770074570785,0.0367937230742475
Dew,25.879105420875295,0.9692055384414939,0.030794461558506073,0.7386521739130435,0.2613478260869565,1007.7472866461885,58.11869451354456,0.02335545052449324,0.001583599477704078,0.0431482700618148,0.03670037489391305
Bubble,25.94017539294818,0.9689598662207358,0.03104013377926418,0.7372749860284276,0.26272501397157244,1007.4423169689097,58.209822130156915,0.023352101054939966,0.0015877487851899703,0.04314139933698997,0.036661859025256475
Dew,26.027651616680387,0.9686078078460223,0.03139219215397767,0.7353143812709031,0.2646856187290969,1007.0053431459114,58.34055003365698,0.02334730066393974,0.0015936981304197752,0.04313155330634202,0.0366070267135786
Dew,26.177897470502497,0.9680021686454083,0.0319978313545917,0.7319765886287626,0.2680234113712374,1006.2536473122483,58.56538170628607,0.023339038019079304,0.0016039299259581526,0.043114615370592885,0.036513678533244144
Dew,26.329873543787016,0.9673884575271193,0.032611542472880756,0.7286387959866221,0.27136120401337793,1005.4919989472318,58.79325428905623,0.023330660157010668,0.0016142976661484099,0.04309745168719925,0.0364203303529097
Dew,26.483611192172592,0.9667665057955763,0.033233494204423626,0.7253010033444817,0.27469899665551833,1004.7201878596936,59.02423452119082,0.023322164483362974,0.0016248042361677558,0.04308005753824512,0.03632698217257525
Dew,26.639142592717736,0.9661361413969625,0.03386385860303749,0.7219632107023412,0.27803678929765885,1003.9380097804293,59.2583912018151,0.023313548580488105,0.0016354526077761039,0.04306242811189451,0.036233633992240805
Bubble,26.765749591949458,0.9656220735785954,0.03437792642140458,0.7192742094492068,0.2807257905507931,1003.3001704117621,59.44932792909566,0.023306517797069774,0.0016441346309723575,0.043048051156655526,0.036158430586634344
Dew,26.796500772316115,0.9654971854808989,0.0345028145191011,0.7186254180602007,0.28137458193979925,1003.1452423297505,59.495795272131986,0.0233048097012077,0.0016462458427080615,0.043044558406231725,0.03614028581190636
Dew,26.955719637372102,0.964849454315453,0.035150545684547,0.7152876254180602,0.28471237458193976,1002.341660369014,59.73651990172301,0.023295945095449577,0.0016571870962320651,0.043026443282818454,0.03604693763157191
Dew,27.116834004801724,0.9641927585547277,0.03580724144527221,0.7119498327759197,0.2880501672240803,1001.5270319042384,59.980640579213144,0.02328695192564313,0.001668279620886329,0.043008077446210415,0.03595358945123746
Dew,27.279879634434224,0.9635269030149,0.036473096985100054,0.7086120401337793,0.2913879598662207,1000.7011178132283,60.22823520757148,0.023277827263096657,0.001679526770402425,0.04298945543769383,0.03586024127090301
Dew,27.444893262891746,0.9628516864390397,0.037148313560960246,0.7052742474916388,0.2947257525083612,999.8636715590467,60.479384204331346,0.023268568084187428,0.001690932003827843,0.042970571628708085,0.03576689309056857
Bubble,27.5832872809343,0.9622842809364549,0.037715719063545095,0.7025051974104202,0.2974948025895797,999.1599791093741,60.69042214592152,0.023260781937199392,0.0017005143122103322,0.04295470297632107,0.035689450956185115
Dew,27.611912639032568,0.9621669012500302,0.03783309874996974,0.7019364548494984,0.2980635451505016,999.014438889003,60.73417060704239,0.023259171266352477,0.0017024988898599427,0.04295142021393565,0.03567354491023411
Dew,27.78097656104597,0.9614723332908489,0.038527666709151136,0.6985986622073579,0.3014013377926421,998.1531575182582,60.99268018428086,0.023249633583867644,0.0017142311114043366,0.04293199520403851,0.03558019672989967
Dew,27.95212491529796,0.9607677615514248,0.039232238448575124,0.6952608695652175,0.3047391304347825,997.279556797087,61.25500155258251,0.023239951703401096,0.001726132470372126,0.04291229041801917,0.03548684854956522
Dew,28.125398717025366,0.9600529578812306,0.03994704211876944,0.691923076923077,0.308076923076923,996.393357360784,61.5212262996669,0.02323012217932716,0.001738206892730796,0.04289229947518269,0.03539350036923077
Dew,28.30084015299346,0.9593276866866914,0.04067231331330852,0.6885852842809365,0.31141471571906354,995.4942707610788,61.79144911437807,0.023220141448784093,0.0017504584338255231,0.04287201578667417,0.035300152188896324
Bubble,28.39287941608272,0.9589464882943144,0.04105351170568561,0.6868502990928632,0.31314970090713695,995.0217261146691,61.933439047421714,0.023214892082875534,0.0017568957639286433,0.04286135479598663,0.03525162978874207
Dew,28.478492626234278,0.9585917046124443,0.04140829538755569,0.6852474916387961,0.31475250836120394,994.5819990779042,62.065767923784904,0.02321000582645968,0.0017628912839884941,0.04285143254656442,0.035206804008561875
Dew,28.65840080298764,0.9578447602053853,0.042155239794614684,0.6819096989966555,0.31809030100334446,993.6562345102004,62.34428403790495,0.02319971149908554,0.001775509774454808,0.04283054272245442,0.03511345582822743
Dew,28.840610661986496,0.9570865935602917,0.04291340643970841,0.6785719063545151,0.32142809364548486,992.7166589438868,62.62710230258575,0.023189254519610354,0.0017883183836059332,0.04280933904556443,0.03502010764789298
Dew,29.02516954623,0.956316935946307,0.043683064053693064,0.6752341137123746,0.32476588628762537,991.7629434985348,62.9143312610936,0.023178630801093593,0.0018013217435625861,0.04278781400028781,0.034926759467558535
Bubble,29.19460923781289,0.955608695652174,0.04439130434782601,0.6722067114146407,0.32779328858535933,990.8853907713723,63.17866480984943,0.02316884674275956,0.001813285632633856,0.042768006615652186,0.03484209198640171
Dew,29.21212621740237,0.955535509411719,0.04446449058828095,0.6718963210702341,0.3281036789297659,990.7947480437559,63.20608332501534,0.023167836110143343,0.001814524647150983,0.042765959813137924,0.03483341128722408
Dew,29.401530913103766,0.9547420263672266,0.04525797363277334,0.6685585284280937,0.3314414715719063,989.8117206931253,63.502474955117705,0.023156866060071897,0.0018279320552680263,0.04274376844109328,0.03474006310688964
Dew,29.593435407081312,0.9539361891449749,0.04606381085502511,0.6652207357859532,0.3347792642140468,988.8134972668164,63.80362685288795,0.023145716103597898,0.0018415491046738536,0.04272123155926508,0.03464671492655519
Dew,29.78789307264957,0.9531176895321491,0.04688231046785085,0.6618829431438128,0.3381170568561872,987.7997007235961,64.10966416350082,0.02313438152512138,0.0018553811162413802,0.0426983405478532,0.03455336674622074
Dew,29.9849589495193,0.9522862082772489,0.04771379172275118,0.6585451505016723,0.3414548494983277,986.7699405595699,64.42071669106309,0.023122857432531594,0.0018694336036962098,0.042675086478338155,0.034460018565886284
Bubble,29.988588062610944,0.9522709030100335,0.047729096989966524,0.6584842370122299,0.3415157629877701,986.7509658999396,64.42646170640285,0.02312264472826572,0.0018696927494593486,0.042674658435317724,0.03445831499589052
Dew,30.184689814259293,0.9514414145670795,0.048558585432920444,0.6552073578595318,0.34479264214046823,985.7238121712659,64.7369191270247,0.023111138748512595,0.0018837122828821054,0.0426514600988541,0.03436667038555184
Dew,30.387144254641786,0.950582965472344,0.04941703452765602,0.6518695652173914,0.34813043478260863,984.6608961804852,65.05841129274648,0.0230992202013095,0.001898223081590926,0.042627451818683666,0.0342733222052174
Dew,30.59238274813975,0.9497105053595152,0.050289494640484836,0.6485317725752509,0.35146822742474915,983.5807577181049,65.38533839729199,0.02308709631491477,0.0019129721499990494,0.04260305169180978,0.034179974024882945
Bubble,30.77482416394025,0.9489331103678931,0.05106688963210693,0.6456029808482421,0.3543970191517579,982.6183942872763,65.67682548545349,0.023076283665373606,0.0019261159441552882,0.04258131025498328,0.03409806438950202
Dew,30.800467744866395,0.948823665266484,0.05117633473351603,0.6451939799331105,0.35480602006688955,982.4829456637539,65.7178513116054,0.023074761398629604,0.0019279658717559955,0.04257824939945437,0.0340866258445485
Dew,31.011463755273972,0.9479220622392476,0.05207793776075245,0.6418561872909699,0.35814381270903006,981.3669918380532,66.05610686034935,0.023062209535952633,0.0019432108757752712,0.04255303423152754,0.03399327766421405
Dew,31.22543744295571,0.9470052986266494,0.05299470137335055,0.6385183946488294,0.3614816053511706,980.232410143762,66.40026813279128,0.02304943457274247,0.0019587140487819163,0.04252739506690345,0.033899929483879605
Dew,31.442457722923525,0.946072961329929,0.05392703867007097,0.635180602006689,0.364819397993311,979.0786956518837,66.75050481425315,0.023036430104596637,0.0019744825486762044,0.04250132035243258,0.03380658130354515
Bubble,31.5534175042845,0.9455953177257526,0.05440468227424744,0.6334923930610264,0.3665076069389737,978.4876624992806,66.93004791447662,0.023029762189585273,0.0019825622833298767,0.04248796207464883,0.03375936709643345
Dew,31.662595865771014,0.9451246210035122,0.054875378996487784,0.6318428093645485,0.3681571906354515,977.9053236283876,67.10699353979263,0.02302318946338361,0.0019905238187787797,0.04247479808059007,0.03371323312321071
Dew,31.885925608160413,0.9441598312031659,0.055840168796834073,0.6285050167224081,0.3714949832775919,976.7117484967999,67.4699182719222,0.023009705702858162,0.0020068456030281107,0.042447815765652194,0.03361988494287625
Dew,32.11252327012567,0.9431781274772453,0.05682187252275473,0.6251672240802676,0.3748327759197324,975.4974027314735,67.8394707043867,0.02299597158328431,0.002023455962209067,0.04242036041828122,0.03352653676254181
Bubble,32.32443468198943,0.942257525083612,0.057742474916387954,0.6220896124326416,0.3779103875673585,974.3587406464674,68.18629554333813,0.022983078536236896,0.002039035503586869,0.042394613894314384,0.03344046507448819
Dew,32.3424678797153,0.9421790263963693,0.057820973603630685,0.6218294314381271,0.3781705685618729,974.2616956758392,68.21585069417645,0.022981979554981966,0.0020403632912979145,0.04239241851838832,0.033433188582207354
Dew,32.575841305557766,0.9411620245163905,0.05883797548360951,0.6184916387959867,0.3815083612040133,973.0040122793795,68.59926672420235,0.022967721740705396,0.0020575763380183635,0.042363975986130877,0.03333984040187291
Dew,32.812728397986064,0.9401265972690147,0.059873402730985334,0.6151538461538462,0.38484615384615384,971.7237117464357,68.98993639929606,0.02295318991675192,0.0020751042227125996,0.04233501815088642,0.033246492221538464
Dew,33.05321713942002,0.9390721977738574,0.06092780222614252,0.6118160535117058,0.38818394648829424,970.4201260892678,69.38808697847618,0.022938375492688914,0.002092956459641896,0.04230552971802938,0.033153144041204015
Bubble,33.087940170409496,0.9389197324414716,0.061080267558528356,0.6113384991930816,0.3886615008069184,970.2315973284515,69.4457173231555,0.022936230889370395,0.0020955389568975045,0.042301265713979935,0.03313978826047288
Dew,33.29739880477148,0.9379982555650865,0.06200174443491342,0.6084782608695652,0.39152173913043475,969.0925585770076,69.79395594672009,0.02292326948957565,0.0021111429798430794,0.042275494733319,0.03305979586086957
Dew,33.54536813272402,0.9369041752250741,0.06309582477492591,0.6051404682274247,0.39485953177257527,967.7402820712643,70.20779162985467,0.022907862516542997,0.0021296741556812784,0.04224489654468666,0.03296644768053512
Dew,33.79722350881082,0.9357893349166931,0.06421066508330697,0.6018026755852843,0.39819732441471567,966.3625372381488,70.62985385652357,0.022892144745579025,0.002148560827253068,0.04221371776118856,0.03287309950020067
Bubble,33.843996770671076,0.9355819397993311,0.06441806020066887,0.601188754065162,0.3988112459348378,966.1061998080944,70.70845012575047,0.02288921738529212,0.002152075752262557,0.042207917533645486,0.03285592993249055
Dew,34.05306716133313,0.9346530848049751,0.06534691519502482,0.5984648829431438,0.4015351170568562,964.9585306254214,71.06041467169312,0.02287610588435296,0.002167814330813024,0.04218194020886413,0.03277975131986622
Dew,34.313005371250114,0.9334947453578291,0.06650525464217087,0.5951270903010034,0.4048729096989966,963.5274325921332,71.4997591065895,0.022859735146888795,0.0021874465294138114,0.04214954488321222,0.03268640313953178
Dew,34.57714869730945,0.9323136055143977,0.06768639448560233,0.5917892976588629,0.4082107023411371,962.068375076894,71.94818601056676,0.022843021221882594,0.0022074698459729363,0.04211651189796538,0.03259305495919732
Bubble,34.59266595907378,0.9322441471571907,0.06775585284280927,0.5915951505387154,0.40840484946128475,961.9825141428739,71.97461273883714,0.022842036115163153,0.0022086485962429536,0.04211456935331104,0.03258762523892228
Dew,34.84561221782141,0.9311089207082568,0.06889107929174325,0.5884515050167224,0.4115484949832776,960.5804491889929,72.40600895102264,0.022825952238426334,0.00222789729900314,0.04208282042980465,0.03249970677886288
Dew,35.11851579063983,0.9298799107312926,0.07012008926870743,0.585113712374582,0.414886287625418,959.0627026052376,72.87355718820963,0.022808515728883205,0.0022487425412714783,0.04204844865861849,0.032406358598528424
Bubble,35.334008154539546,0.9289063545150502,0.07109364548494979,0.5825169325408461,0.41748306745915387,957.8605052834891,73.24432056773948,0.022794685126844412,0.0022652601697037474,0.042021221172976596,0.03233373435304715
Dew,35.39598433309078,0.9286257572701577,0.07137424272984229,0.5817759197324415,0.41822408026755853,957.5141361582389,73.35117673260785,0.022790698576773346,0.002270019901683538,0.04201337369860479,0.03231301041819398
Dew,35.67814812379629,0.9273456019820441,0.07265439801795594,0.5784381270903011,0.42156187290969893,955.9337030606191,73.83923149347221,0.02277248701841286,0.0022917444307255287,0.0419775715444559,0.032219662237859534
Dew,35.96514312857032,0.9260385429441,0.07396145705589999,0.5751003344481606,0.42489966555183944,954.3203023118347,74.33810452823619,0.022753866529931593,0.0023139319498379756,0.04194101697205937,0.032126314057525085
Bubble,36.06808292491768,0.9255685618729097,0.0744314381270903,0.5739172559579626,0.4260827440420375,953.7401371471985,74.5176794641086,0.02274716242616383,0.002321912963222841,0.04192787299264214,0.032093226854066584
Dew,36.25711135282775,0.9247036322310617,0.07529636776893825,0.5717625418060202,0.42823745819397985,952.6727771942495,74.84819940368023,0.022734821817256508,0.002336599105141761,0.041903683470751386,0.03203296587719064
Dew,36.55420122325769,0.9233398725828769,0.07666012741712318,0.5684247491638796,0.43157525083612036,950.9899108830941,75.36994168121149,0.02271533675015424,0.002359763425992107,0.04186554315012023,0.03193961769685619
Bubble,36.79494914638268,0.9222307692307693,0.0777692307692307,0.5657627317726373,0.43423726822736275,949.6213726715324,75.79478916505415,0.022699465977731256,0.0023786093613373718,0.04183452481230769,0.03186516894999462
Dew,36.85656800185547,0.9219462138877108,0.0780537861122892,0.5650869565217391,0.4349130434782609,949.2704221223096,75.90378054021535,0.022695394299400453,0.002383443388897928,0.04182656664164617,0.03184626951652174
Dew,37.16437423580275,0.9205215493655549,0.07947845063444507,0.5617491638795987,0.4382508361204013,947.512960592262,76.45019055530885,0.022674976469783892,0.002407658487415525,0.04178672299196844,0.03175292133618729
Dew,37.477790247163206,0.9190647113825213,0.0809352886174787,0.5584113712374582,0.4415886287625418,945.7161017986188,77.00967364555446,0.022654064225766497,0.002432429308710305,0.04174597954582344,0.03165957315585284
Bubble,37.514665126597826,0.9188929765886288,0.08110702341137122,0.5580230290597125,0.44197697094028754,945.5041738526382,77.07574455547464,0.02265159370539625,0.002435351670649623,0.04174117663197325,0.03164871237463414
Dew,37.796994666884885,0.917574466866796,0.08242553313320393,0.5550735785953178,0.4449264214046822,943.8783414797864,77.58276121619507,0.022632637409984568,0.002457777617575919,0.04170430181784236,0.03156622497551839
Dew,38.12217501822586,0.9160495122764675,0.08395048772353252,0.5517357859531773,0.4482642140468227,941.9980894666608,78.17001651643953,0.022610674653544188,0.002483726448813262,0.04166165335181646,0.03147287679518394
Bubble,38.22728869981241,0.9155551839464884,0.08444481605351162,0.5506705320439896,0.44932946795601036,941.3885017715367,78.36063672299676,0.022603543492421725,0.0024921421428641243,0.0416478284516388,0.03144308479649554
Dew,38.45358724600443,0.914488361213075,0.08551163878692504,0.5483979933110368,0.4516020066889632,940.0734548834484,78.772213386817,0.022588149900095448,0.0025103058224252676,0.04161799257758052,0.0313795286148495
Dew,38.791323792190965,0.9128897567976637,0.08711024320233623,0.5450602006688964,0.4549397993311036,938.1030535088233,79.38964365497013,0.022565045516913313,0.002537530710121045,0.04157328434395053,0.03128618043451505
Bubble,38.93287730006533,0.9122173913043479,0.08778260869565213,0.5436800426895425,0.45631995731045755,937.2743166107381,79.64955384324618,0.02255531318142793,0.0025489829937859966,0.04155448027130436,0.031247581501100144
Dew,39.13565910371093,0.9112520496783993,0.08874795032160068,0.5417224080267559,0.45827759197324414,936.0848015862708,80.02315055179031,0.022541332744115947,0.002565433940070166,0.041527482523437784,0.031192832254180604
Dew,39.48682333860706,0.9095735929375507,0.09042640706244925,0.5383846153846155,0.46161538461538454,934.016690166819,80.67345370341216,0.022516984262373117,0.0025940447600947955,0.0414805410566282,0.031099484073846155
Bubble,39.63148801729839,0.9088795986622075,0.09112040133779253,0.5370285218272234,0.4629714781727767,933.1615776631667,80.9425819261191,0.02250690057415017,0.0026058764190906303,0.0414611320909699,0.03106155815108283
Dew,39.84505944545085,0.9078526350617943,0.09214736493820572,0.535046822742475,0.46495317725752505,931.8965827166886,81.34132072090539,0.022491970926856994,0.0026233943178300633,0.041432410958878604,0.031006135893511706
Dew,40.21062420175106,0.9060873107343824,0.09391268926561755,0.5317090301003344,0.46829096989966557,929.7222038666258,82.02757159293432,0.0224662616003011,0.0026535158315071096,0.0413830400628009,0.03091278771317726
Bubble,40.323177640042914,0.905541806020067,0.09445819397993305,0.5306948630513336,0.4693051369486663,929.0502433348395,82.23980544807755,0.02245830343104227,0.002662824607506112,0.041367783910635454,0.03088442446275117
Dew,40.58378936682385,0.9042756305669458,0.09572436943305412,0.528371237458194,0.47162876254180597,927.4911268626184,82.73308359992694,0.02243982296629542,0.0026844447807612536,0.041332372731091,0.030819439532842812
Dew,40.96484296529581,0.9024154696178077,0.09758453038219225,0.5250334448160535,0.4749665551839465,925.2007595300437,83.45879682688401,0.022412619319906395,0.002716219120401422,0.041280349535420015,0.030726091352508363
Bubble,41.00800268752013,0.9022040133779264,0.09779598662207356,0.5246596945989547,0.4753403054010453,924.9402711424624,83.54130789075272,0.022409519470751513,0.002719829751914058,0.041274435730301005,0.030715638665236755
Dew,41.35409072019855,0.9005045545168503,0.0994954454831497,0.5216956521739131,0.4783043478260869,922.8483285302864,84.20572036569769,0.022384612332192202,0.00274887952059704,0.041226906896354935,0.030632743172173918
Bubble,41.686019433402834,0.898866220735786,0.10113377926421396,0.5189052052201166,0.48109479477988343,920.8316177068102,84.84717220254625,0.022360546369484067,0.002776894058774949,0.041181087549966564,0.03055470263059921
Dew,41.75185765798469,0.8985404043076757,0.10145959569232434,0.5183578595317726,0.4816421404682274,920.430725639161,84.97493931450418,0.022355758159549634,0.002782469637568479,0.04117197542888894,0.030539394991839466
Dew,42.15848991220932,0.8965204868184233,0.1034795131815767,0.5150200668896321,0.4849799331103679,917.9450155558955,85.76762270287188,0.02232601733469158,0.0028170364196662087,0.041115484315670324,0.030446046811505017
Bubble,42.35728392292863,0.8955284280936455,0.10447157190635448,0.5134149906931628,0.4865850093068374,916.724238742593,86.15748119686407,0.022311381760276226,0.0028340197562022056,0.0410877393696321,0.030401157581315317
Dew,42.57435675669213,0.8944419489466314,0.1055580510533685,0.5116822742474917,0.4883177257525083,915.3876429708091,86.58503249365742,0.02229533954466338,0.002852630454569839,0.041057353763868404,0.030352698631170568
Dew,42.99985290670004,0.8923017588115851,0.10769824118841481,0.5083444816053512,0.4916555183946488,912.7549086455815,87.42853384782596,0.022263672939514412,0.0028893063646516625,0.04099749898075395,0.03025935045083612
Bubble,43.021851984774,0.8921906354515051,0.10780936454849488,0.5081739181685602,0.49182608183143994,912.6180890453502,87.47231789813499,0.02226202323218318,0.0028912091009443046,0.040994391189297666,0.03025458029637685
Dew,43.435401132747735,0.8900966386864847,0.10990336131351533,0.5050066889632108,0.49499331103678923,910.0428077244882,88.2996068718312,0.022230961130172547,0.002927123258827585,0.04093582829801047,0.030166002270501677
Bubble,43.67977923871848,0.8888528428093646,0.11114715719063539,0.5031680059596999,0.4968319940403002,908.5131224757698,88.7917658448643,0.022212468329393817,0.0029484643844863096,0.04090104300896322,0.030114579749395166
Dew,43.88145524199082,0.8878230479668373,0.11217695203316266,0.5016688963210703,0.49833110367892974,907.2470263707662,89.19986011737141,0.02219714325763291,0.002966145251094976,0.04087224269541046,0.030072654090167225
Bubble,44.33112109996281,0.8855150501672241,0.1144849498327759,0.4983843167591277,0.5016156832408724,904.4092919417767,90.11590935732627,0.022162714550278528,0.003005787938441308,0.04080769482862877,0.0299807941221752
Dew,44.33850349362096,0.8854771375492806,0.11452286245071944,0.4983311036789298,0.5016688963210703,904.3628621469177,90.13104616162951,0.02216215261747446,0.00300644205815545,0.040806634524926236,0.02997930590983278
Dew,44.80707252967933,0.8830547222118454,0.11694527778815453,0.49499331103678934,0.5050066889632107,901.3852050947991,91.09507967161993,0.022125916471047093,0.0030480896913571676,0.04073888673828757,0.02988595772949833
Bubble,44.97593278076417,0.8821772575250837,0.11782274247491631,0.4938108625577625,0.5061891374422375,900.3065493786318,91.44483377617617,0.022112759346375237,0.003063182139370077,0.040714346648294326,0.029852888145587446
Dew,45.287731921480855,0.8805512361932808,0.11944876380671925,0.4916555183946489,0.5083444816053511,898.3084796535717,92.09405845158119,0.02208835513073229,0.003091171261772394,0.04066887164466693,0.029792609549163886
Bubble,45.614269289922674,0.8788394648829432,0.12116053511705682,0.48943651979443664,0.5105634802055634,896.2048457272381,92.77862567723649,0.022062600121317225,0.0031206494131431487,0.040620998467959864,0.0297305507265518
Dew,45.78109945600484,0.877961683832352,0.12203831616764797,0.48831772575250837,0.5116822742474916,895.1265840807007,93.13028809511714,0.022049381028128107,0.0031357779218328004,0.04059644953020674,0.029699261368829433
Bubble,46.24618543053196,0.8755016722408028,0.12449832775919722,0.4852509534723356,0.5147490465276644,892.1041309107989,94.11737306682477,0.022012234229705416,0.003178192238938824,0.04052765028762542,0.02961349282579895
Dew,46.28784731773064,0.8752805816559502,0.12471941834404973,0.4849799331103679,0.5150200668896321,891.8328193427367,94.20631102253797,0.02200889761710009,0.0031820099728978144,0.04052146703839523,0.029605913188494985
Dew,46.80870936189222,0.872501890052149,0.1274981099478511,0.48164214046822745,0.5183578595317726,888.4198052100787,95.324940891124,0.021966798075922334,0.0032299781758978133,0.040443755259164056,0.029512565008160536
Bubble,46.871735796337745,0.8721638795986623,0.12783612040133774,0.4812445491550548,0.5187554508449452,888.0043538099272,95.46116556123708,0.02196165897592691,0.0032358131529530328,0.04043430210729097,0.029501445556001385
Dew,47.34448972843359,0.8696189316884421,0.13038106831155796,0.478304347826087,0.521695652173913,884.8793794510469,96.48930363965222,0.021922963739780862,0.0032798053124374156,0.04036312744728793,0.02941921682782609
Bubble,47.49097476697056,0.8688260869565217,0.13117391304347825,0.47740835190381514,0.5225916480961849,883.9054622363142,96.81009455350582,0.021910871612921212,0.0032935147518866627,0.040340953926956524,0.029394158474028074
Dew,47.89607311675391,0.8666240968571911,0.13337590314280895,0.47496655518394654,0.5250334448160534,881.2019730373287,97.70288679321511,0.02187725269621575,0.00333162805738653,0.04027937078176895,0.029325868647491638
Bubble,48.103956502257795,0.8654882943143813,0.13451170568561865,0.4737340113434621,0.526265988656538,879.8074029049711,98.16425336997544,0.02185986934089395,0.003351299696262268,0.040247605746622075,0.02929139804460306
Dew,48.46443713653832,0.8635094859713165,0.1364905140286836,0.471628762541806,0.5283712374581939,877.3784176421257,98.96959914626011,0.02182953441834701,0.003385599242372983,0.040192264334539256,0.02923252046715719
Bubble,48.710734935791024,0.8621505016722408,0.13784949832775917,0.470213732152093,0.529786267847907,875.7101214051145,99.52373741889298,0.021808649305978846,0.003409170713615171,0.04015425756628763,0.029192946255646873
Dew,49.05066727957724,0.8602656655437025,0.1397343344562974,0.46829096989966557,0.5317090301003344,873.3969302458903,100.29384361354319,0.021779633327131395,0.003441890614679466,0.040101544278887354,0.02913917228682274
Bubble,49.3113637678823,0.8588127090301004,0.14118729096989957,0.46684022936076097,0.533159770639239,871.613562169685,100.88864433289453,0.02175720859884685,0.0034671306015969907,0.04006090938595318,0.02909859936814158
Dew,49.6559752365738,0.8568822167321333,0.14311778326786673,0.4649531772575251,0.535046822742475,869.2447669098226,101.68060696943671,0.02172736075724066,0.0035006962307784256,0.04000691923063624,0.029045824106488295
Bubble,49.90589645800969,0.8554749163879599,0.14452508361204008,0.4636066879278619,0.536393312072138,867.5176684435307,102.25907410695118,0.021705544253262394,0.0035251822310227495,0.039967561205618736,0.02900816678554603
Dew,50.281721532917665,0.8533473244489297,0.14665267555107037,0.46161538461538465,0.5383846153846154,864.9074532611174,103.1355715009067,0.02167250124925442,0.0035622366723994238,0.039908058756756196,0.028952475926153846
Bubble,50.49438621685168,0.8521371237458194,0.1478628762541806,0.46050672612016086,0.5394932738798393,863.4223822502195,103.63512923317495,0.021653653244584972,0.003583328548889524,0.03987421302528429,0.02892147002967159
Dew,50.92944381469192,0.8496474763370041,0.15035252366299592,0.4582775919732442,0.5417224080267558,860.3683802391607,104.6652554675482,0.021614805962099505,0.0036267643426163582,0.03980458495661605,0.0288591277458194
Bubble,51.0768859979479,0.848799331103679,0.151200668896321,0.45753436229010597,0.542465637709894,859.327644357485,105.01691483364843,0.021601532488215284,0.0036415725813894687,0.03978086484494983,0.028838341811541886
Dew,51.60089263507898,0.8457672835607701,0.1542327164392298,0.45493979933110373,0.5450602006688963,855.6087733942302,106.27719198181536,0.021553993338790215,0.0036945702006746105,0.0396960674500354,0.028765779565484956
Bubble,51.65344848905997,0.8454615384615385,0.1545384615384615,0.45468398468907417,0.5453160153109258,855.2333942412592,106.40453879232305,0.021549178837983796,0.003699917436937657,0.03968751666461539,0.028758625187158725
Bubble,52.22412610326914,0.8421237458193981,0.15787625418060192,0.45195032399926194,0.5480496760007381,851.1395700482859,107.798111886901,0.021496589084480763,0.003758366309232832,0.03959416848428094,0.02868217278930032
Dew,52.298077349066865,0.8416888054002701,0.15831119459972984,0.4516020066889632,0.5483979933110368,850.6065839371297,107.9801599243204,0.021489729864264565,0.003765992443188599,0.039582004488181576,0.028672431385150503
Bubble,52.78897096981417,0.8387859531772576,0.16121404682274243,0.449328428304435,0.550671571695565,847.0461085572321,109.19774792148452,0.021443759953324423,0.0038169224803657874,0.0395008203039465,0.028608846127527263
Dew,53.02346574116304,0.8373903866926841,0.16260961330731588,0.44826421404682276,0.5517357859531773,845.3348788550936,109.78497261121609,0.021421604783367333,0.003841444871566611,0.039461790440249764,0.028579083204816055
Bubble,53.348034924725525,0.8354481605351171,0.16455183946488294,0.4468136402521953,0.5531863597478046,842.9529451382977,110.60356386073792,0.021390688103366567,0.0038755893239903172,0.039407472123612036,0.028538514949478754
Dew,53.779524581173334,0.8328486157801036,0.16715138421989634,0.4449264214046823,0.5550735785953177,839.7655131006848,111.703016345844,0.021349190584495987,0.0039213668262322405,0.03933477055146679,0.028485735024481606
Bubble,53.90136950123498,0.8321103678929767,0.16788963210702335,0.44440157618881876,0.5555984238111811,838.8600137112306,112.01567996619102,0.02133737012483192,0.003934370308568421,0.039314123943277594,0.028471056657335736
Bubble,54.4490259199809,0.8287725752508361,0.17122742474916386,0.4420881070723819,0.5579118929276181,834.7672467017076,113.43421993527393,0.021283802537389335,0.0039932690007011985,0.039220775762943146,0.028406355774017587
Dew,54.56960860631659,0.8280333697937712,0.17196663020622882,0.44158862876254185,0.5584113712374581,833.8611719662784,113.74949952150132,0.02127191311907772,0.0040063380421625164,0.03920010237435719,0.02839238684414716
Bubble,54.991055079025756,0.8254347826086957,0.17456521739130426,0.4398693409915792,0.5601306590084207,830.6745749960193,114.85931104363985,0.021229981788152007,0.004052289068556216,0.039127427582608704,0.028344303454285135
Dew,55.39760313695495,0.8229088474581936,0.17709115254180646,0.4382508361204014,0.5617491638795986,827.5777782877204,115.94247578642164,0.021189091361097256,0.004097046446128316,0.0390567846532172,0.028299038663812708
Bubble,55.52750754364651,0.8220969899665552,0.17790301003344478,0.43774160713656984,0.5622583928634302,826.5819278939783,116.29108429127187,0.02117590424960346,0.0041114342854007,0.039034079402274255,0.028284797036452734
Bubble,56.05843353593712,0.8187591973244147,0.1812408026755853,0.43570144108481396,0.5642985589151859,822.4892330599935,117.72967455282574,0.021121566217446645,0.004170708533248915,0.0389407312219398,0.02822773963087663
Dew,56.26825747267,0.8174310290497754,0.18256897095022456,0.4349130434782609,0.5650869565217391,820.8611577987441,118.30435905102009,0.021099883999123086,0.004194343659848283,0.03890358628667623,0.02820569048347826
Bubble,56.58388292416585,0.8154214046822743,0.1845785953177257,0.4337455712796004,0.5662544287203997,818.396416472207,119.17522073270858,0.02106696390837211,0.00423011580663382,0.03884738304160536,0.028173039741799435
Bubble,57.103905211919724,0.8120836120401338,0.1879163879598662,0.43187090659172983,0.5681290934082701,814.303402369646,120.6278659252452,0.02101209345774278,0.004289660216508734,0.03875403486127091,0.02812061091948717
Dew,57.18749321405768,0.8115445732856074,0.18845542671439267,0.4315752508361204,0.5684247491638796,813.6430741014933,120.86353348006568,0.02100322475623702,0.004299304987708174,0.038738959542861516,0.02811234230314381
Bubble,57.6185495269991,0.8087458193979934,0.1912541806020066,0.4300745248664349,0.5699254751335652,810.210113197268,122.08775758043612,0.020956950917190555,0.00434934599428947,0.03866068668093646,0.02807037143992058
Bubble,58.12786461003697,0.8054080267558529,0.19459197324414712,0.42835366236745614,0.5716463376325438,806.1164695488299,123.5550476756151,0.020901532252121754,0.004409177496041637,0.038567338500602004,0.028022244009577143
Dew,58.162872933421845,0.8051783024781738,0.1948216975218262,0.42823745819397996,0.57176254180602,805.835652662251,123.6568153253593,0.02089773227361031,0.004413321005863456,0.03856091379253919,0.02801899412280937
Bubble,58.631898802848895,0.8020702341137124,0.19792976588628763,0.4267057040393898,0.5732942959606102,802.0223901074679,125.0298928934868,0.020845833339126606,0.004469159206822894,0.03847399032026756,0.027976155493097777
Bubble,59.13070003648225,0.798732441471572,0.20126755852842804,0.42512817451713136,0.5748718254828687,797.9277915839062,126.51245480687643,0.02078984996328925,0.004529295745185669,0.03838064213993311,0.027932036661847598
Dew,59.20434548007576,0.7982381425098378,0.20176185749016215,0.4248996655518395,0.5751003344481604,797.3227443365797,126.73339083718463,0.020781570759056962,0.004538243845755528,0.03836681806109834,0.027925645942474916
Bubble,59.62431581891749,0.7953946488294314,0.20460535117056855,0.4236187298184512,0.5763812701815487,793.8325886521559,128.00290007059158,0.02073357781539275,0.004589591867847538,0.03828729395959867,0.027889821961581816
Bubble,60.11279322246112,0.792056856187291,0.20794314381270895,0.42217514966194675,0.5778248503380533,789.7366938826309,129.50140062081022,0.0206770124890156,0.004650052474537178,0.038193945779264216,0.02784944929760165
Dew,60.32549972344427,0.7905947089661424,0.20940529103385766,0.42156187290969904,0.578438127090301,787.9442638924023,130.1614790850398,0.02065219384539189,0.004676634325969843,0.03815305384944446,0.02783229776214047
Bubble,60.59617887072751,0.7887190635451505,0.21128093645484947,0.4207953303583556,0.5792046696416444,785.6400176725274,131.00813388244552,0.020620149477513595,0.00471068261302437,0.03810059759892977,0.027810859835945344
Bubble,61.07451892523504,0.7853812709030101,0.21461872909698987,0.4194772782536477,0.5805227217463523,781.5424681733599,132.52328300381913,0.02056298417088253,0.004771487484899901,0.038007249418595325,0.027773997820010898
Dew,61.54583139685648,0.7820618053764457,0.21793819462355435,0.41822408026755853,0.5817759197324415,777.4698033169944,134.0404482741145,0.020505916497952296,0.0048322106746980665,0.03791441379343527,0.02773894958180602
Bubble,61.54785907156971,0.7820434782608696,0.21795652173913038,0.4182192514018745,0.5817807485981256,777.4439512155293,134.04714790084213,0.020505511852496213,0.004832475726123522,0.037913901238260876,0.02773881453272628
Bubble,62.016244505094235,0.7787056856187291,0.2212943143812709,0.4170191676237663,0.5829808323762339,773.3443702297776,135.579707281189,0.02044772769571386,0.0048936464662084666,0.03782055305792642,0.02770525174170058
Bubble,62.4797199161428,0.7753678929765887,0.2246321070234113,0.415875471401564,0.584124528598436,769.2436261653827,137.12126863987183,0.020389626760350697,0.0049550085240682145,0.03772720487759198,0.027673265943706397
Dew,62.89559898883834,0.7723482274009743,0.2276517725990257,0.41488628762541807,0.585113712374582,765.5366780410553,138.5265139034627,0.02033689359512896,0.005010797627144004,0.03764275376965215,0.027645601401471574
Bubble,62.93832947471415,0.7720301003344482,0.2279698996655518,0.414786552384595,0.5852134476154052,765.1416174049668,138.67204027124188,0.020331203989006116,0.005016567770295641,0.03763385669725753,0.02764281210200207
Bubble,63.39211681457649,0.7686923076923078,0.23130769230769221,0.41375088384801795,0.5862491161519822,761.0382396757342,140.2322373907096,0.02027245420324186,0.005078330257896416,0.03754050851692308,0.027613847518612872
Bubble,63.84112501678136,0.7653545150501673,0.23464548494983273,0.41276701849711245,0.5872329815028876,756.9333859570021,141.80208240846494,0.020213372099604103,0.005140302228771282,0.03744716033658863,0.027586331716989484
Bubble,64.28539659253427,0.7620167224080268,0.23798327759197324,0.411833584570037,0.5881664154299631,752.8269463838385,143.38180521428762,0.020153952245481648,0.005202490120428897,0.037353812156254176,0.02756022633301361
Dew,64.42498398213579,0.7609676193771,0.23903238062290005,0.4115484949832776,0.5884515050167224,751.5407119999056,143.88374671187708,0.020135334132087575,0.005222213426867553,0.03732447184982413,0.02755225322113712
Bubble,64.72484886145868,0.7586789297658864,0.24132107023411364,0.41094852738032117,0.5890514726196787,748.7186856874798,144.97071167134015,0.020094185788221884,0.005264870769286578,0.037260463975919735,0.027535473903186534
Bubble,65.15977334605846,0.7553411371237458,0.24465886287625416,0.41011210932262804,0.5898878906773719,744.6087320294072,146.5708911170158,0.02003407356450973,0.005327510014114198,0.037167115795585286,0.027512081765910308
Bubble,65.59008520605416,0.7520033444816054,0.24799665551839456,0.4093224251379119,0.5906775748620882,740.4968448857165,148.18168530962757,0.019973606474813804,0.0053903857198601525,0.03707376761525084,0.027489996636728988
Bubble,66.0158244861538,0.7486655518394649,0.2513344481605351,0.4085783714285518,0.5914216285714481,736.382901968251,149.80335709341773,0.019912778524977155,0.005453505176950985,0.036980419434916395,0.027469187656877163
Dew,66.23491042413481,0.7469512948496312,0.2530487051503688,0.40821070234113715,0.5917892976588628,734.2799974291706,150.6495290586254,0.019881688481828946,0.005486363306722067,0.03693247674111143,0.027458905040802676
Bubble,66.43703056453961,0.7453277591973244,0.2546722408026756,0.40787891981497976,0.5921210801850202,732.266777598249,151.43619143593588,0.01985158356824792,0.005516876298201864,0.03688707125458194,0.02744962606562233
Bubble,66.85374213012535,0.741989966555184,0.258010033444816,0.407223055541658,0.592776944458342,728.1483425818235,153.08044542984692,0.0197900152999593,0.005580506122627773,0.0367937230742475,0.02743128348325577
Bubble,67.26599716070638,0.7386521739130435,0.2613478260869565,0.4066098608494748,0.5933901391505252,724.0274640821124,154.736421727593,0.019728067252037695,0.005644403006029362,0.03670037489391305,0.027414134242771695
Bubble,67.67383289821316,0.7353143812709031,0.2646856187290969,0.4060384573154299,0.59396154268457,719.9040054839664,156.4044217424171,0.01966573278722288,0.005708575220572785,0.0366070267135786,0.02739815377727892
Bubble,68.07728582374415,0.7319765886287626,0.2680234113712374,0.4055080173473427,0.5944919826526572,715.7778262537828,158.08475749552372,0.019603005093066634,0.005773031305423464,0.036513678533244144,0.027383318941473826
Bubble,68.47639163122687,0.7286387959866221,0.27136120401337793,0.4050177623297403,0.5949822376702597,711.6487817931184,159.77775203333846,0.019539877175668262,0.005837780075918405,0.0364203303529097,0.027369607959786338
Dew,68.5998793245603,0.7276529545442462,0.27234704545575394,0.4048729096989967,0.5951270903010033,710.4607358146945,160.30813182872626,0.019522035420127988,0.005858025570102846,0.036392759285857126,0.02736555686046823
Bubble,68.87118519983113,0.7253010033444817,0.27469899665551833,0.40456696090747746,0.5954330390925225,707.5167232860177,161.48373985974737,0.019476341853140542,0.005902830632973167,0.03632698217257525,0.02735700037837786
Bubble,69.26170056504033,0.7219632107023412,0.27803678929765885,0.40415492739849934,0.5958450726015007,703.3814975397862,163.2030673834264,0.019412391748793695,0.005968192372712345,0.036233633992240805,0.02734547702075093
Bubble,69.64797088832123,0.7186254180602007,0.28137458193979925,0.40378102032786345,0.5962189796721367,699.2429468189787,164.93609338033392,0.019348019284026085,0.006033874996310107,0.03614028581190636,0.027335019946750173
Bubble,70.03002842530236,0.7152876254180602,0.28471237458193976,0.40344464107574296,0.5965553589242572,695.1009086723234,166.68318947144311,0.019283216670908414,0.0060998885200268735,0.03604693763157191,0.027325612414750948
Bubble,70.40790449238376,0.7119498327759197,0.2880501672240803,0.40314523265278834,0.5968547673472118,690.9552157523714,168.4447406350125,0.01921797590445006,0.006166243286004143,0.03595358945123746,0.02731723884740984
Bubble,70.78162943170105,0.7086120401337793,0.2913879598662207,0.40288227848244706,0.597117721517553,686.8056956276464,170.22114564399826,0.01915228875453552,0.00623294997051385,0.03586024127090301,0.027309884797609738
Bubble,71.15123257435894,0.7052742474916388,0.2947257525083612,0.40265530145336603,0.597344698546634,682.6521705871033,172.01281768557786,0.019086146757519542,0.006300019597359925,0.03576689309056857,0.027303536921958346
Bubble,71.51674220091402,0.7019364548494984,0.2980635451505016,0.40246379522006176,0.5975362047799384,678.4944574355342,173.82011770068718,0.019019541207436496,0.006367461528737249,0.03567354491023411,0.027298181059471276
Bubble,71.87818550454888,0.6985986622073579,0.3014013377926421,0.40230748612000483,0.5976925138799952,674.3323672869791,175.64361483823205,0.018952463147015337,0.006435291287347821,0.03558019672989967,0.02729380955661762
Bubble,72.23558854334476,0.6952608695652175,0.3047391304347825,0.40218594922396983,0.5978140507760303,670.165705338651,177.48370911861204,0.018884903358003646,0.006503519209705836,0.03548684854956522,0.027290410529384735
Bubble,72.58897619927474,0.691923076923077,0.308076923076923,0.4020988561987055,0.5979011438012944,665.9942706482415,179.34087657176238,0.018816852351434033,0.006572157806408256,0.03539350036923077,0.027287974795263445
Bubble,72.9383721308301,0.6885852842809365,0.31141471571906354,0.4020459141101974,0.5979540858898026,661.8178558980612,181.21561039917253,0.01874830035736323,0.0066412199868884705,0.035300152188896324,0.027286494161756453
Bubble,73.28379872437566,0.6852474916387961,0.31475250836120394,0.40202686483519445,0.5979731351648055,657.6362471529314,183.1084215714686,0.018679237314270337,0.006710719069803239,0.035206804008561875,0.027285961409920474
Bubble,73.6252770433544,0.6819096989966555,0.31809030100334446,0.40204148453405164,0.5979585154659484,653.4492236112654,185.01983943565028,0.018609652858092157,0.006780668793233323,0.03511345582822743,0.027286370279623207
Bubble,73.96282677534441,0.6785719063545151,0.32142809364548486,0.40208958318108906,0.597910416818911,649.2565573500633,186.95041233103635,0.018539536310909273,0.006851083324644122,0.03502010764789298,0.02728771545640885
Bubble,74.16643134948481,0.4449264214046823,0.5550735785953177,0.44174389849277274,0.5582561015072273,222.4540056736646,218.48833666482065,0.007809312467537878,0.007694137395856411,0.028485735024481606,0.028396729278903316
Bubble,74.29646617698407,0.6752341137123746,0.32476588628762537,0.4021710041488484,0.5978289958511517,645.0580130648285,188.90070821295026,0.018468876669305263,0.006921977270551632,0.034926759467558535,0.02728999255987101
Bubble,74.62621201682684,0.6718963210702341,0.3281036789297659,0.40228562384299255,0.5977143761570075,640.8533478056711,190.87131528342172,0.018397662592429417,0.006993365685846471,0.03483341128722408,0.027293198133441925
Bubble,74.95207951619919,0.6685585284280937,0.3314414715719063,0.4024333513910209,0.5975666486089791,636.6423107112054,192.86284263505726,0.018325882389803337,0.007065264082935095,0.03474006310688964,0.027297329635686738
Bubble,75.27408228818703,0.6652207357859532,0.3347792642140468,0.40261412834950067,0.5973858716504992,632.4246427422274,194.8759208720269,0.018253524008924195,0.007137688439589446,0.03464671492655519,0.027302385432115613
Bubble,75.59223227490905,0.6618829431438128,0.3381170568561872,0.40282792850576654,0.5971720714942333,628.2000764175255,196.91120279382613,0.018180575022728705,0.007210655208053452,0.03455336674622074,0.027308364789637912
Bubble,75.90653968326461,0.6585451505016723,0.3414548494983277,0.4030747576649737,0.5969252423350263,623.9683355546191,198.96936402486682,0.01810702261699641,0.007284181321867009,0.034460018565886284,0.027315267870606626
Bubble,76.21701291939567,0.6552073578595318,0.34479264214046823,0.40335465352262284,0.5966453464773772,619.7291350185936,201.05110370257333,0.018032853577783173,0.007358284203766813,0.03436667038555184,0.02732309572925334
Bubble,76.52365852219503,0.6518695652173914,0.34813043478260863,0.40366769018683046,0.5963323098131695,615.4821804827711,203.1571504906117,0.01795805427899478,0.007432981932571572,0.0342733222052174,0.027331850438162695
Bubble,76.82648109567958,0.6485317725752509,0.35146822742474915,0.40401396108931076,0.5959860389106894,611.2271682043001,205.2882437172647,0.01788261067019326,0.007508292663265685,0.034179974024882945,0.027341534610343204
Bubble,77.1254832415327,0.6451939799331105,0.35480602006688955,0.4043936027574214,0.5956063972425786,606.963784820544,207.44516135623707,0.017806508264813076,0.007584235451396438,0.0340866258445485,0.027352152064060917
Bubble,77.42066151926397,0.6418561872909699,0.35814381270903006,0.4048066089413005,0.5951933910586994,602.691699834297,209.62848823127885,0.017729731913106228,0.007660823211965172,0.03399327766421405,0.02736370262452571
Bubble,77.71201783394068,0.6385183946488294,0.3614816053511706,0.4052532908624203,0.5947467091375797,598.4105862817239,211.83919445450275,0.017652266402686335,0.007738080273314971,0.033899929483879605,0.027376194995680943
Bubble,77.99954912730234,0.635180602006689,0.364819397993311,0.4057339028411671,0.5942660971588327,594.1201023579108,214.0781671714356,0.01757409591414699,0.007816028110190597,0.03380658130354515,0.027389636290115035
Bubble,78.28324933272043,0.6318428093645485,0.3681571906354515,0.40624870257687906,0.5937512974231209,589.8198947745939,216.34628608926263,0.017495204112254595,0.007894687633941569,0.03371323312321071,0.02740403371491568
Bubble,78.56311004293121,0.6285050167224081,0.3714949832775919,0.40679823912457974,0.5932017608754203,585.5096000391687,218.64477871509695,0.017415574176830515,0.007974089796965338,0.03361988494287625,0.027419402625526685
Bubble,78.83912041695375,0.6251672240802676,0.3748327759197324,0.40738237488447265,0.5926176251155273,581.1888443874712,220.97402256930621,0.017335188793994854,0.008054239806347955,0.03352653676254181,0.027435739173689043
Bubble,78.96840699323019,0.44158862876254185,0.5584113712374581,0.43715318583594304,0.5628468141640569,258.7363924747991,252.53258776274822,0.009112879233967443,0.008933406846506859,0.02839238684414716,0.028268340634401253
Bubble,79.11126713504585,0.6218294314381271,0.3781705685618729,0.40800170994813967,0.5919982900518603,576.8572438447001,223.33528778253654,0.017254030151096476,0.008135169144197877,0.033433188582207354,0.02745306014218802
Bubble,79.37953429639565,0.6184916387959867,0.3815083612040133,0.4086565899542094,0.5913434100457906,572.5144041991557,225.72952433641203,0.017172079928942728,0.008216899325696941,0.03333984040187291,0.027471375197512974
Bubble,79.64390333664788,0.6151538461538462,0.38484615384615384,0.40934746800331956,0.5906525319966804,568.159921032737,228.1578072302513,0.017089319295605546,0.008299455162392312,0.033246492221538464,0.027490697011547556
Bubble,79.90435292219456,0.6118160535117058,0.38818394648829424,0.4100748146020304,0.5899251853979697,563.7933797072656,230.62122515084505,0.01700572889879045,0.008382861414485738,0.033153144041204015,0.027511038742967567
Bubble,80.16085882788329,0.6084782608695652,0.39152173913043475,0.4108391406169311,0.5891608593830688,559.4143552996899,233.12090933250306,0.016921288856530027,0.008467143621392035,0.03305979586086957,0.027532414679199334
Bubble,80.41339376252922,0.6051404682274247,0.39485953177257527,0.4116401621141799,0.5883598378858201,555.0224123779443,235.65694368251965,0.016835978742885744,0.008552295764238492,0.03296644768053512,0.027554816879453756
Bubble,80.66192728142096,0.6018026755852843,0.39819732441471567,0.4124800340470232,0.5875199659529767,550.6171049119706,238.2325749900397,0.016749777577517735,0.008638405069077548,0.03287309950020067,0.027578305611394464
Bubble,80.90642530479299,0.5984648829431438,0.4015351170568562,0.41335575025863425,0.5866442497413659,546.1979751392545,240.84425816300484,0.01666266378318222,0.008725357067732217,0.03277975131986622,0.027602796801713236
Bubble,81.14685035987954,0.5951270903010034,0.4048729096989966,0.41427374396196,0.58572625603804,541.7645540304721,243.5009051139526,0.016574615191453968,0.00881340522539528,0.03268640313953178,0.027628470368333893
Bubble,81.38316054916622,0.5917892976588629,0.4082107023411371,0.41523205571641264,0.5847679442835874,537.3163584452625,246.20034438801991,0.016485608946995595,0.00890247431798359,0.03259305495919732,0.02765527151150314
Bubble,81.61530949621215,0.5884515050167224,0.4115484949832776,0.4162309086323763,0.5837690913676239,532.8528903982352,248.94323832633717,0.016395621475107935,0.008992572395379823,0.03249970677886288,0.027683206470958014
Bubble,81.8432421340887,0.585113712374582,0.414886287625418,0.4172707970571575,0.5827292029428424,528.373624840061,251.73056353844228,0.01630462809431648,0.009083715996294612,0.032406358598528424,0.027712289072129408
Bubble,82.06690190924695,0.5817759197324415,0.41822408026755853,0.41835173324117686,0.5816482667588231,523.8780275093636,254.5626094665808,0.016212603552852253,0.00917590084131423,0.03231301041819398,0.027742519657625322
Bubble,82.28623015536334,0.5784381270903011,0.42156187290969893,0.41947319879012945,0.5805268012098704,519.3655531703088,257.4388802138014,0.0161195219656906,0.009269099083195259,0.032219662237859534,0.0277738837294915
Bubble,82.50115619866037,0.5751003344481606,0.42489966555183944,0.42064490145574784,0.579355098544252,514.8356164400367,260.37310262902344,0.01602535589729269,0.00936369812807055,0.032126314057525085,0.02780665278480896
Bubble,82.55389496561281,0.4349130434782609,0.5650869565217391,0.4295466262858462,0.5704533737141538,278.866505904527,271.0529425498305,0.009886888111031198,0.009661275052358689,0.02820569048347826,0.028055607679201313
Bubble,82.71159947093352,0.5717625418060202,0.42823745819397985,0.4218578890884159,0.5781421109115841,510.2875945264676,263.3529734485144,0.015930076424481892,0.009459321858566289,0.03203296587719064,0.027840576458451293
Bubble,82.84317571313503,0.4516020066889632,0.5483979933110368,0.4472276405106124,0.5527723594893876,305.4101988703027,298.66136391393565,0.01065170214439767,0.0104609592920694,0.028672431385150503,0.028550093311265918
Bubble,82.91740621209172,0.5684247491638796,0.43157525083612036,0.4230976537818329,0.5769023462181672,505.7206288982657,266.3575600239104,0.01583364690517394,0.009555342804467695,0.03193961769685619,0.027875249007222675
Bubble,83.11863721456824,0.5650869565217391,0.4349130434782609,0.42442675474402586,0.5755732452559741,501.1345091364708,269.47658415496863,0.015736050618942475,0.0096543611730669,0.03184626951652174,0.02791242002699636
Bubble,83.24795316182903,0.44826421404682276,0.5517357859531773,0.44509736220240204,0.5549026377975981,303.4609303721445,298.59553439093463,0.010618287794515614,0.010480524016951175,0.028579083204816055,0.028490515732609068
Bubble,83.31512293838443,0.5617491638795987,0.4382508361204013,0.42586113627550887,0.5741388637244912,496.52831528102615,272.7341009478445,0.015637248303045317,0.009757043385379418,0.03175292133618729,0.027952535432662608
Bubble,83.50662178414014,0.5584113712374582,0.4415886287625418,0.42737711171968806,0.5726228882803119,491.9008552901726,276.0968280026854,0.015537191637696983,0.009862385817702109,0.03165957315585284,0.027994932778548986
Bubble,83.69301190859345,0.5550735785953178,0.4449264214046822,0.42884265538722166,0.5711573446127783,487.25129239968385,279.37218262321426,0.015435842986533173,0.009964794650695887,0.03156622497551839,0.028035919696920642
Bubble,83.87413838171419,0.5517357859531773,0.4482642140468227,0.43011282047675203,0.569887179523248,482.57866450575796,282.34314590924674,0.015333160284210286,0.010058020579598238,0.03147287679518394,0.028071442454786145
Bubble,84.04938175645925,0.5483979933110368,0.4516020066889632,0.4315099437229087,0.5684900562770914,477.8803225726136,285.47841233425396,0.015229047205842021,0.010155573586469062,0.0313795286148495,0.028110515856496338
Bubble,84.21948597561891,0.5450602006688964,0.4549397993311036,0.4330361141866435,0.5669638858133564,473.15847617448946,288.7866757082226,0.015123561572652025,0.010257686261964275,0.03128618043451505,0.028153198326902426
Bubble,84.38364480287417,0.5417224080267559,0.45827759197324414,0.43463270972123746,0.5653672902787624,468.40980297882754,292.1787328195065,0.015016584552563326,0.010361737824051035,0.031192832254180604,0.028197850378082236
Bubble,84.541520216707,0.5383846153846155,0.46161538461538454,0.43611928353155455,0.5638807164684456,463.6325705303112,295.38127525103425,0.014908047009056784,0.010459889695783221,0.031099484073846155,0.02823942544729833
Bubble,84.69497015677564,0.535046822742475,0.46495317725752505,0.438354484391511,0.561645515608489,458.8337791340924,299.70292316065354,0.014798160619237537,0.010589484349915317,0.031006135893511706,0.028301937399156762
Bubble,84.8405201257107,0.5317090301003344,0.46829096989966557,0.44022941532252946,0.5597705846774704,453.999455736527,303.451918302596,0.014686461148342168,0.010702120309939899,0.03091278771317726,0.028354373667501796
Bubble,84.97907691693251,0.528371237458194,0.47162876254180597,0.44216666617825784,0.5578333338217423,449.13273541422603,307.2707329394718,0.014573033845589781,0.010816134657530061,0.030819439532842812,0.028408552839673987
Bubble,85.11074408482871,0.5250334448160535,0.4749665551839465,0.4442545492214635,0.5557454507785364,444.2338194113842,311.2966770455436,0.01445786951274942,0.010935373634172178,0.030726091352508363,0.028466944748258637
Bubble,85.23474924399858,0.5216956521739131,0.4783043478260869,0.4464459431422448,0.5535540568577552,439.2992464461277,315.4551272190849,0.014340839277011831,0.011057647462989574,0.030632743172173918,0.028528231549696883
Bubble,85.3518545526878,0.5183578595317726,0.4816421404682274,0.449139851688806,0.550860148311194,434.3323694325359,320.37580593779643,0.014222035817952365,0.011200552284959663,0.030539394991839466,0.02860357219777491
Bubble,85.41062413186422,0.46829096989966557,0.5317090301003344,0.4532951109914846,0.5467048890085154,351.0788833820481,327.04283471717105,0.012048347836592884,0.011387371568948508,0.02913917228682274,0.028719782500903294
Bubble,85.45804205307262,0.5150200668896321,0.4849799331103679,0.4490895377098167,0.5509104622901835,429.31481181961726,320.94636528185254,0.014100839247786575,0.011221051432844905,0.030446046811505017,0.028602165064711953
Bubble,85.5600215194672,0.5116822742474917,0.4883177257525083,0.4529083931772003,0.5470916068227997,424.2777938675156,327.5739126950506,0.013978256069521456,0.011410160142741023,0.030352698631170568,0.028708967148322485
Bubble,85.6436285687205,0.5083444816053512,0.4916555183946488,0.451288105107579,0.548711894892421,419.1536465865487,325.53257639935003,0.013852037150221336,0.011356981687739204,0.03025935045083612,0.028663652487067863
Bubble,85.72123770144529,0.5050066889632108,0.49499331103678923,0.4524183525684085,0.5475816474315917,414.0013389712909,327.7882476148902,0.013724103554024092,0.011423079034885947,0.030166002270501677,0.02869526216301479
Bubble,85.78662691278987,0.5016688963210703,0.49833110367892974,0.45332570470361255,0.5466742952963876,408.79035753745916,329.62192142735273,0.013593424654564168,0.011476831402234131,0.030072654090167225,0.028720638116474122
Bubble,85.84802182599742,0.4983311036789298,0.5016688963210703,0.4552825790352698,0.5447174209647303,403.5634910269715,333.09391914902375,0.013461402083181936,0.011575662252251458,0.02997930590983278,0.028775366099182555
Bubble,85.86335985367262,0.48831772575250837,0.5116822742474916,0.4521860610486791,0.547813938951321,386.9944072347147,328.3047791282238,0.013030438785285106,0.01144367042680735,0.029699261368829433,0.02868876565679085
Bubble,85.88008958955405,0.49499331103678934,0.5050066889632107,0.45475434066022113,0.5452456593397789,398.1865710147862,332.4568353328963,0.013323533902404077,0.011559456970702046,0.02988595772949833,0.02876059283541803
Bubble,85.89988574672458,0.4916555183946489,0.5083444816053511,0.4548706519964879,0.5451293480035121,392.7470374560646,332.76464734014417,0.013182700119234331,0.011568851070491073,0.029792609549163886,0.028763845719211856
Bubble,86.02571294064732,0.48164214046822745,0.5183578595317726,0.47446846954595595,0.525531530454044,376.881767099574,365.10274802744334,0.012770213873154104,0.012455769377149088,0.029512565008160536,0.029311938666530535
Bubble,86.06092997478429,0.42156187290969904,0.578438127090301,0.41802555677964603,0.581974443220354,286.5849902931461,281.40794541879694,0.010296849823264682,0.010146897643852973,0.02783229776214047,0.027733397467478632
Bubble,86.1750538403467,0.4849799331103679,0.5150200668896321,0.4766029893447261,0.5233970106552739,383.24881717968265,369.46222197331105,0.012945009152043828,0.012578878351332777,0.029605913188494985,0.029371634867123526
Bubble,87.09982438400846,0.4649531772575251,0.535046822742475,0.46056390196583324,0.5394360980341668,356.41927492075354,349.36775864907503,0.012270930017824356,0.012079207701561973,0.029045824106488295,0.028923069068834538
Bubble,87.33569698915639,0.471628762541806,0.5283712374581939,0.4671559727030958,0.5328440272969043,368.34629032595905,361.10433711108794,0.012600565549583623,0.012405916286823429,0.02923252046715719,0.02910742977482639
Bubble,87.59095007756673,0.478304347826087,0.521695652173913,0.47415126132089863,0.5258487386791013,380.36593167609686,373.6000370417442,0.01292916578650485,0.012749519813962844,0.02941921682782609,0.02930306729141203
Dew,87.63436129363286,0.39111237789207015,0.6088876221079299,0.38818394648829435,0.6118160535117056,262.21814488049733,258.1764385792138,0.009718724646692685,0.009598059593949874,0.026980715517002644,0.026898815958795987
Bubble,89.38032072434501,0.46161538461538465,0.5383846153846154,0.4580259382145451,0.5419740617854549,364.3460398253195,358.6305187425416,0.01258427917372663,0.012429966842452045,0.028952475926153846,0.028852089735083717
Dew,89.60832044919314,0.3876868319202605,0.6123131680797395,0.3848461538461539,0.6151538461538462,270.06486111402654,266.09538076052166,0.010045219776237114,0.009926906814673531,0.0268849131357872,0.02680546777846154
Dew,90.98944076076315,0.39844828189715525,0.6015517181028448,0.39485953177257527,0.6051404682274247,289.86253108471215,284.68311577983206,0.010662246038916853,0.0105105309592112,0.02718587903774902,0.027085512319464884
Dew,91.03480122175306,0.3808969294758338,0.6191030705241661,0.3781705685618729,0.6218294314381271,270.8687694879819,267.0678634658177,0.010146790409306357,0.010033064985384822,0.02669501966252782,0.026618771417792644
Dew,92.94662644506178,0.3944211692136135,0.6055788307863865,0.3915217391304348,0.6084782608695651,295.6676971165445,291.47377145633516,0.010921026051341333,0.010798458765808509,0.0270732526162439,0.02699216413913044
