Temperature_[K],Pressure_[bar],Surface_Tension_[mN/m],Interfacial_Thickness_[Å],x_CO2,y_CO2,liquid_density_[kg/m3],vapor_density_[kg/m3],Enrichment_N2_[-]
250.0,18.271889121152462,8.813998504416304,9.313212368599629,0.9990818775280791,0.9792189827501417,1042.4630229809316,46.43992103434672,2.447286970816154
250.0,18.730880988694953,8.760255008536479,9.347485518603825,0.9981637550561582,0.9594346884830082,1041.7977251311015,47.262384545920234,2.435977383511033
250.0,19.18964127070993,8.706765731546799,9.381570176208939,0.997245632584237,0.940579209566447,1041.1320633417936,48.0866739661492,2.4247838676083555
250.0,19.648162149754764,8.653529404937668,9.41539780275374,0.9963275101123161,0.922590605400296,1040.4660340581213,48.912780107096104,2.413702385617642
250.0,20.106436420100255,8.600544779733193,9.449123868323554,0.9954093876403952,0.9054122682427531,1039.7996339513627,49.74069449692044,2.4027292976243793
250.0,20.564457425284235,8.547810624870163,9.483523782101102,0.9944912651684742,0.8889923674041306,1039.132859895791,50.57040936697496,2.3918613050451616
250.0,21.022219003062844,8.495325725397452,9.517668009396616,0.9935731426965533,0.8732833608491322,1038.4657089482705,51.40191763345772,2.3810954030568277
250.0,21.479715436924547,8.443088880565771,9.551567440065675,0.9926550202246323,0.858241564949136,1037.798178330268,52.23521287531536,2.3704288425858513
250.0,21.936941413175763,8.391098958617832,9.585787711509345,0.9917368977527113,0.8438267745379548,1037.1302654119415,53.07028930971883,2.3598590557701637
250.0,22.393891982890516,8.339354659621527,9.620523280430433,0.9908187752807903,0.8300019266009272,1036.461967698032,53.90714176605345,2.3493838076667957
250.0,22.85056252807215,8.287854885937367,9.655015172995064,0.9899006528088694,0.816732801910657,1035.7932828153253,54.74576565920132,2.339000898912664
250.0,23.306948731577545,8.236598484264391,9.689273651559319,0.9889825303369484,0.8039877597471939,1035.1242085014962,55.58615696264406,2.328708333257158
250.0,23.763046550161317,8.185584310896624,9.723832942667833,0.9880644078650275,0.7917375015340841,1034.4547425951264,56.428312181789266,2.3185042526479935
250.0,24.218852190437467,8.13481123123258,9.758653562587149,0.9871462853931064,0.7799548598067282,1033.7848830267965,57.27222832782753,2.3083869219827386
250.0,24.674362087301983,8.084278119206477,9.793241727511486,0.9862281629211855,0.7686146094244669,1033.1146278110891,58.11790289231515,2.298354715814188
250.0,25.129572884503975,8.033983856871565,9.827607155807256,0.9853100404492645,0.75769329835778,1032.4439750394042,58.96533382263252,2.2884061067105965
250.0,25.584481417266502,7.983927334168237,9.862446923433076,0.9843919179773436,0.747169095739108,1031.7729228735132,59.81451949841741,2.2785396550633448
250.0,26.03908469645649,7.934107448482589,9.897370428784896,0.9834737955054226,0.7370216551705666,1031.1014695397039,60.6654587089958,2.2687540001359876
250.0,26.493379894405304,7.884523104602471,9.932072050355323,0.9825556730335017,0.7272319915423068,1030.4296133235398,61.51815063187909,2.2590478521697968
250.0,26.947364332050235,7.8351732143278925,9.966843467732467,0.9816375505615806,0.7177823698384156,1029.757352565093,62.37259481232085,2.2494235778276246
250.0,27.40103546721138,7.7860566965396885,10.002253586215154,0.9807194280896597,0.7086562045997533,1029.084685654619,63.2287911438548,2.239915758798697
250.0,27.854390884017796,7.737172650796989,10.037578120749338,0.9798013056177387,0.6998379688773972,1028.4116110286404,64.0867398499101,2.2304878480532886
250.0,28.307428283260464,7.688519504991025,10.072688628382423,0.9788831831458178,0.6913131116539772,1027.7381271663887,64.94644146638693,2.2211278752276478
250.0,28.76014547358632,7.640096695983887,10.107657011340528,0.9779650606738968,0.6830679828330931,1027.0642325865517,65.80789682513495,2.2118402980321186
250.0,29.21254036347881,7.5919030209176,10.143327075637375,0.9770469382019759,0.6750897650042437,1026.3899258443062,66.67110703840703,2.2026242178115156
250.0,29.664610953951104,7.543937419853531,10.178785058708556,0.9761288157300548,0.6673664112835033,1025.7152055286235,67.53607348409888,2.1934787353871035
250.0,30.116355331792832,7.4961988328573925,10.214039627180375,0.9752106932581339,0.6598865886113423,1025.04007025979,68.40279779187247,2.1844029827096385
250.0,30.56777166344963,7.448686228474507,10.249323398123082,0.9742925707862129,0.6526396259594123,1024.3645186871352,69.27128182997562,2.175396119337382
250.0,31.018858189371972,7.401398584647898,10.285134485580002,0.973374448314292,0.6456154669599741,1023.6885494869593,70.14152769285899,2.166457332004487
250.0,31.469613218816743,7.35433488399668,10.321024204873709,0.972456325842371,0.6388046265256488,1023.0121613606149,71.01353768944315,2.1575858321959127
250.0,31.92003512506798,7.307494108592905,10.356739297289039,0.97153820337045,0.6321981510744861,1022.3353530327538,71.88731433200999,2.1487808565186497
250.0,32.37012234105148,7.260875025716516,10.3926475841686,0.970620080898529,0.6257875820172782,1021.6581232497073,72.76286032574805,2.140041650905051
250.0,32.81987335526325,7.214477082834141,10.428915799946978,0.9697019584266081,0.6195649222003685,1020.9804707779905,73.64017855883004,2.1313675029267043
250.0,33.26928670801349,7.168299062905252,10.464989736461575,0.9687838359546872,0.6135226050298721,1020.3023944029353,74.51927209303359,2.1227577024727062
250.0,33.71836098795853,7.122339979442627,10.500877290746082,0.9678657134827662,0.6076534660316242,1019.6238929273954,75.40014415483505,2.114211560051651
250.0,34.16709482887156,7.076598852863987,10.537118418004484,0.9669475910108453,0.6019507166265072,1018.9449651705879,76.28279812700976,2.1057284018821174
250.0,34.61548690670528,7.031074711074983,10.573556983266288,0.9660294685389242,0.5964079199232081,1018.2656099669904,77.16723754063669,2.0973075688937453
250.0,35.06353593677118,6.985766590183395,10.6098096792602,0.9651113460670033,0.5910189683503307,1017.5858261653336,78.05346606752356,2.0889484157874803
250.0,35.511240671189505,6.940673537716537,10.646102502623407,0.9641932235950823,0.5857780629674504,1016.9056126276524,78.94148751297004,2.080650309993349
250.0,35.95859989650667,6.8957945091106945,10.683004922789019,0.9632751011231614,0.5806796943105039,1016.2249682284153,79.83130580896255,2.072412629635006
250.0,36.405612431448176,6.851128639654425,10.71994343766604,0.9623569786512404,0.5757186246407777,1015.5438918537166,80.72292500762377,2.064234765587067
250.0,36.85227712484434,6.806674926837307,10.75670318392745,0.9614388561793195,0.5708898714794522,1014.8623824005058,81.61634927501738,2.05611614125046
250.0,37.298592853692995,6.762432594469151,10.793291583187674,0.9605207337073984,0.5661886923206862,1014.1804387758885,82.51158288519768,2.048056142200961
250.0,37.74455852133803,6.7184005954859005,10.830552025598124,0.9596026112354775,0.5616105704263704,1013.4980598964626,83.40863021457649,2.040054202687168
250.0,38.19017305577956,6.674578014906674,10.86768678302552,0.9586844887635565,0.5571512016145942,1012.8152446877014,84.30749573650625,2.0321097560364936
250.0,38.63543540808231,6.6309638294782625,10.904650390008534,0.9577663662916356,0.5528064819618463,1012.1319920833781,85.20818401610306,2.0242222280393736
250.0,39.080344550872894,6.587557303897719,10.94158489195732,0.9568482438197146,0.5485724963464099,1011.4483010250182,86.1106997052652,2.016391102242734
250.0,39.52489947695531,6.54435746481909,10.979429321435214,0.9559301213477936,0.5444455077667131,1010.7641704613986,87.01504753796236,2.0086158227668434
250.0,39.96909919798955,6.501363415836696,11.017101992826362,0.9550119988758726,0.5404219473743331,1010.0795993480663,87.92123232561009,2.0008958576459457
250.0,40.412942743262796,6.458574268492641,11.054609743918583,0.9540938764039517,0.5364984051667221,1009.3945866468965,88.8292589527048,1.9932306829048014
250.0,40.85642915849969,6.415989141650949,11.09225665935945,0.9531757539320307,0.5326716212893623,1008.709131325662,89.73913237259148,1.9856197822800987
250.0,41.29955750479184,6.373607161244376,11.130313043901452,0.9522576314601098,0.5289384779013923,1008.0232323576458,90.65085760334327,1.9780626469531624
250.0,41.742326857556925,6.331427373943532,11.168204735569368,0.9513395089881888,0.5252959915628267,1007.3368887212608,91.56443972386967,1.9705640959586705
250.0,42.18473630554192,6.289449099297973,11.205938411840542,0.9504213865162678,0.5217413061046939,1006.6500993997004,92.47988387007048,1.9631368302831969
250.0,42.6267849499099,6.247671381359181,11.2440025173293,0.9495032640443468,0.5182716859469488,1005.9628633806009,93.39719523114377,1.955761155614015
250.0,43.06847190338642,6.206093370238635,11.282591220036062,0.9485851415724259,0.5148845098317318,1005.2751796557368,94.3163790460273,1.9484366106538844
250.0,43.50979628936931,6.164714222681566,11.321054547237175,0.9476670191005049,0.5115772649422066,1004.5870472206964,95.23744059988383,1.9411627399655966
250.0,43.950757241223606,6.123533101998545,11.359365182918344,0.946748896628584,0.5083475413797536,1003.8984650746361,96.16038522077311,1.9339390938368886
250.0,44.391353901434314,6.08254917791806,11.398204849168955,0.945830774156663,0.5051930269742051,1003.2094322199747,97.08521827632052,1.9267652281434886
250.0,44.83158542100608,6.041761626646517,11.437059945424409,0.944912651684742,0.5021115024041259,1002.5199476621617,98.01194517051061,1.9196407042308452
250.0,45.27145095869564,6.001169630380323,11.475762535903309,0.943994529212821,0.49910083660573734,1001.8300104094262,98.94057134060341,1.912565088807053
250.0,45.71094968039974,5.960772377834732,11.514361567009288,0.9430764067409001,0.49615898245072637,1001.1396194725382,99.87110225398695,1.9055379538332764
250.0,46.15008075855658,5.92056906379085,11.553679227410385,0.9421582842689791,0.49328397267497265,1000.4487738645995,100.80354340527299,1.8985588764348396
250.0,46.58884337153994,5.880558889120124,11.593130745515268,0.9412401617970582,0.49047391604115925,999.7574726008286,101.7379003132841,1.8916274388043297
250.0,47.027236703103256,5.840741061200362,11.632434665561085,0.9403220393251372,0.4877269937200082,999.0657146983549,102.67417851821713,1.8847432281201444
250.0,47.46525994183801,5.801114632621342,11.67186798751132,0.9394039168532162,0.4850414558755955,998.3734991760264,103.61238357878464,1.87790584017039
250.0,47.90291228065737,5.761679014653334,11.711717885812774,0.9384857943812953,0.48241561844156505,997.6808250542272,104.55252106944533,1.8711148741640975
250.0,48.34019291631587,5.722433519050898,11.751420593644788,0.9375676719093743,0.47984786007589547,996.9876913546934,105.49459657763242,1.864369915826418
250.0,48.77710104911283,5.683377257578691,11.790981780584987,0.9366495494374534,0.47733661928684784,996.2940971004361,106.43861570204197,1.857670581366916
250.0,49.21363588170946,5.644509470854887,11.830918482158502,0.9357314269655324,0.47488039169557494,995.6000413152375,107.38458404610674,1.8510164817588144
250.0,49.649796619764196,5.605829401197373,11.871330894864194,0.9348133044936114,0.4724777274847926,994.9055230239794,108.33250722102126,1.8444072325139618
250.0,50.08558247080393,5.5673363563130245,11.911637033541806,0.9338951820216904,0.47012722894617925,994.2105412521767,109.28239083940493,1.8378418375485026
250.0,50.52099264400199,5.529029471157884,11.951818490160491,0.9329770595497695,0.4678275481760899,993.5150950258997,110.23424051362724,1.8313208515324704
250.0,50.9560263497527,5.490908067253497,11.992680321129292,0.9320589370778485,0.46557738488868344,992.8191833716322,111.18806185321891,1.8248435798242333
250.0,51.39068279934719,5.452971411995574,12.03340380624494,0.9311408146059276,0.46337548434294457,992.1228053161384,112.1438604623521,1.8184096557100926
250.0,51.82496120455519,5.4152187788896695,12.073990123906169,0.9302226921340065,0.46122063537664865,991.4259598863202,113.10164193726924,1.8120187167437287
250.0,52.25886077728726,5.377649446981674,12.11472452457847,0.9293045696620856,0.4591116685410283,990.7286461090847,114.06141186377516,1.8056704047023902
250.0,52.692380729263945,5.340262701064845,12.156123077913923,0.9283864471901646,0.45704745433008653,990.0308630112266,115.02317581473342,1.799364365542718
250.0,53.125520271649435,5.303057635949835,12.19748858698012,0.9274683247182437,0.45502690149903274,989.3326096192875,115.98693934754573,1.7931002572799124
250.0,53.5582786147517,5.266033955078477,12.238720937820851,0.9265502022463227,0.4530489554666912,988.6338849594447,116.95270800167692,1.786877718647404
250.0,53.99065496770792,5.2291907517775105,12.28040390474137,0.9256320797744018,0.4511125967969647,987.9346880573902,117.92048729615685,1.7806964152420175
250.0,54.42264853815041,5.192527328196033,12.322179070925301,0.9247139573024807,0.4492168397549177,987.2350179382105,118.89028272709976,1.7745560091241057
250.0,54.85425853191361,5.156042988921553,12.36382136401,0.9237958348305598,0.447360730933145,986.5348736262648,119.86209976521582,1.7684561662080047
250.0,55.28548415276602,5.119737195109763,12.40543128299013,0.9228777123586388,0.4455433479445785,985.8342541450912,120.83594385334642,1.7623965558178236
250.0,55.71632460210137,5.083608935639815,12.44799619980764,0.9219595898867179,0.4437637981778947,985.1331585172786,121.81182040397371,1.7563768563900952
250.0,56.14677907864608,5.047657775932093,12.490430986313491,0.9210414674147969,0.44202121761215407,984.4315857643575,122.78973479673003,1.7503973547705018
250.0,56.57684677821793,5.011883025471804,12.532736765520859,0.920123344942876,0.4403147696873693,983.7295349067051,123.76969237593595,1.7444731006944068
250.0,57.0065268934188,4.976284013129947,12.575354308904672,0.9192052224709549,0.43864364422794067,983.027004963421,124.75169844808411,1.7385874208230905
250.0,57.435818613402766,4.94086007977806,12.618203135716314,0.918287099999034,0.43700705641611165,982.3239949522349,125.7357582793664,1.7327400127903625
250.0,57.864721123602244,4.905610571952661,12.660923288504549,0.917368977527113,0.43540424581274734,981.6205038893945,126.72187709315568,1.726930577667235
250.0,58.29323360545784,4.870534841801761,12.703729561413779,0.9164508550551921,0.43383447542293185,980.916530789562,127.71006006751311,1.7211588199067658
250.0,58.721355236207174,4.835632273527838,12.747384366885266,0.9155327325832712,0.4322970308039606,980.2120746657171,128.7003123326689,1.7154244506562268
250.0,59.149085188604815,4.800902209929649,12.790908695700836,0.9146146101113501,0.4307912192135377,979.5071345290456,129.6926389684884,1.7097271736605748
250.0,59.576422630670145,4.766344017256747,12.83430799397442,0.9136964876394291,0.42931636879609064,978.8017093888384,130.6870450019431,1.704066707113428
250.0,60.00336672549412,4.731957068303725,12.877973353107784,0.9127783651675082,0.4278718278051817,978.0957982523987,131.68353540457665,1.698442768613447
250.0,60.429916630953926,4.697740740812307,12.921915345229579,0.9118602426955873,0.4264569638602048,977.3894001249273,132.6821150899366,1.6928550789742474
250.0,60.856071499506086,4.663694417624335,12.965861536367811,0.9109421202236663,0.42507116323557426,976.6825140094315,133.68278891101372,1.687303362179782
250.0,61.28183047794052,4.629817248455146,13.009960074930005,0.9100239977517453,0.4237138301808113,975.9751389066131,134.68556165766265,1.6817873442708204
250.0,61.707192707156466,4.596109116192315,13.054717942188702,0.9091058752798243,0.42238438626991964,975.2672738147792,135.69043805402302,1.676306757231683
250.0,62.13215732194506,4.562569174860817,13.09934964695438,0.9081877528079034,0.42108226977860674,974.5589177297292,136.6974227559006,1.6708613335631417
250.0,62.556723450753466,4.529196826856371,13.143860345202441,0.9072696303359824,0.4198069350879992,973.8500696446617,137.70652034816817,1.6654508096473264
250.0,62.980890215468776,4.4959914789754345,13.188685670023297,0.9063515078640615,0.41855785211347624,973.1407285500701,138.71773534213617,1.660074924896299
250.0,63.40465673117064,4.4629525424498535,13.233877407547821,0.9054333853921405,0.41733450575746944,972.4308934336235,139.7310721728923,1.654733421725715
250.0,63.82802210596412,4.430079432877798,13.279213328444442,0.9045152629202196,0.416136395385008,971.7205632800938,140.74653519668325,1.6494260455217795
250.0,64.25098544071167,4.397371570410669,13.324532340427709,0.9035971404482985,0.414963034320938,971.0097370712277,141.76412868822254,1.6441525446141654
250.0,64.6735458288373,4.364828379213772,13.370409411575586,0.9026790179763776,0.4138139493677661,970.2984137856506,142.78385683801793,1.638912670247313
250.0,65.09570235612094,4.332449287635414,13.416164520841598,0.9017608955044566,0.4126886803431364,969.5865923987604,143.80572374967653,1.6337061765514709
250.0,65.51745410046898,4.300233728421888,13.461802736536415,0.9008427730325357,0.411586779636055,968.8742718826286,144.82973343721417,1.6285328205166103
250.0,65.93880013169877,4.268181340841973,13.50813406389863,0.8999246505606147,0.41050781178091866,968.1614512058763,145.8558898223111,1.6233919599833544
250.0,66.35973951133728,4.236291149309753,13.554722457919596,0.8990065280886937,0.40945135304855834,967.4481293335859,146.88419673160635,1.618284104139176
250.0,66.78027129239463,4.204562811891965,13.60119229386065,0.8980884056167727,0.4084169910534932,966.7343052271779,147.91465789393123,1.6132086708998394
250.0,67.20039451919087,4.172995777788836,13.647849515940017,0.8971702831448518,0.40740432437666635,966.0199778443128,148.9472769375797,1.6081654280931585
250.0,67.62010822707377,4.141589500695921,13.694858923090472,0.8962521606729308,0.4064129622029128,965.3051461387687,149.98205738751145,1.6031541462610244
250.0,68.03941144228854,4.110343437527602,13.741750695301363,0.8953340382010099,0.40544252397254604,964.589809060338,151.01900266259696,1.5981745986389475
250.0,68.45830318171613,4.079256860589623,13.788987461974664,0.8944159157290889,0.4044926390463733,963.8739655547158,152.0581160728249,1.5932396392799364
250.0,68.87678245268374,4.048329625127359,13.836839454724185,0.8934977932571679,0.4035629463835701,963.1576145633766,153.09940081648608,1.5883364675556115
250.0,69.29484825275719,4.017560998041564,13.884572251384697,0.8925796707852469,0.40265309423182044,962.4407550234704,154.1428599773869,1.5834641022518843
250.0,69.71249956951007,3.9869504508371794,13.932190866416661,0.891661548313326,0.40176273982920274,961.7233858676867,155.18849652200336,1.5786223321134183
250.0,70.12973538035654,3.9564974597126747,13.98028636215308,0.890743425841405,0.400891549117259,961.0055060241675,156.23631329668427,1.573810948280271
250.0,70.54655465230688,3.9262015047729566,14.028689631228154,0.8898253033694841,0.4000391964648321,960.2871144163555,157.28631302479232,1.5690297442640078
250.0,70.96295634177372,3.8960620695364607,14.077158202180804,0.888907180897563,0.3992053644021229,959.5682099628959,158.33849830387967,1.5642785159399408
250.0,71.37893939436078,3.866078641140721,14.125900937233162,0.8879890584256421,0.3983897433645613,958.8487915774983,159.3928716028155,1.559557061539306
250.0,71.7945027446653,3.8362507099521803,14.17490546206085,0.8870709359537211,0.3975920314460954,958.1288581688276,160.4494352589611,1.5548651816336299
250.0,72.20964531605006,3.8065777699291226,14.22379552644945,0.8861528134818002,0.39681193416145893,957.4084086403644,161.50819147529356,1.5502026791126324
250.0,72.62436602045976,3.7770591378471714,14.272936277563657,0.8852346910098792,0.3960491642170317,956.6874418902933,162.5691423175563,1.5455693508381787
250.0,73.03866375819325,3.7476946696980775,14.322798600512762,0.8843165685379583,0.39530344128995853,955.9659568113547,163.63228971137113,1.540965020525839
250.0,73.45253741770343,3.7184836954434237,14.372545023610192,0.8833984460660373,0.3945744918151835,955.2439522907322,164.6976354393992,1.5363894899105506
250.0,73.86598587538653,3.689425809047508,14.422243893428409,0.8824803235941163,0.3938620487800355,954.5214272099131,165.76518113846012,1.5318424487839597
250.0,74.2790079953862,3.660520347897479,14.472526435593451,0.8815622011221953,0.39316585152608013,953.7983804445527,166.83492829667125,1.5273238971388472
250.0,74.69160262936182,3.6317669086192397,14.522808770509045,0.8806440786502744,0.3924856455579376,953.0748108643477,167.90687825059234,1.522833584138243
250.0,75.10376861630671,3.603165008254577,14.573307096874025,0.8797259561783535,0.39182118235876495,952.3507173328861,168.9810321823453,1.5183713280164282
250.0,75.51550478230752,3.574714167025998,14.624393735866228,0.8788078337064325,0.3911722192121367,951.6260987075186,170.05739111677445,1.5139369491035983
250.0,75.92680994037904,3.5464139081933896,14.67542367880283,0.8778897112345115,0.39053851903010633,950.9009538392177,171.13595591859942,1.5095302698529072
250.0,76.33768289021201,3.5182637575066105,14.726342987874979,0.8769715887625905,0.389919850187113,950.1752815724255,172.21672728955457,1.5051511148132193
250.0,76.74812241797954,3.4902633089072777,14.777901454544356,0.8760534662906696,0.38931598635961256,949.4490807449193,173.2997057655786,1.5007992987845908
250.0,77.15812729615442,3.4624119768199377,14.829802016383148,0.8751353438187486,0.38872670637109336,948.7223501876646,174.38489171398047,1.4964746721294435
250.0,77.56769628325239,3.4347093463526432,14.881590727877494,0.8742172213468277,0.38815179404233285,947.9950887246587,175.47228533061642,1.492188011749972
250.0,77.97682812365748,3.407154836041305,14.933789943571753,0.8732990988749066,0.38759103804670353,947.267295172789,176.56188663711265,1.4879297048066618
250.0,78.3855215474011,3.379748214650662,14.986111254762518,0.8723809764029857,0.38704423177026354,946.5389683416801,177.65369547806705,1.4836978572468666
250.0,78.79377526994831,3.3524889130251694,15.038573907799744,0.8714628539310647,0.38651117317650824,945.810107033531,178.74771151829165,1.4794922995390674
250.0,79.20158799200713,3.3253764760505997,15.091597170462888,0.8705447314591438,0.3859916646755666,945.0807100429769,179.84393424006038,1.475312873696279
250.0,79.60895839928918,3.2984104510739263,15.144793622860753,0.8696266089872228,0.38548551299770994,944.3507761569114,180.94236294038078,1.4711594235549201
250.0,80.01588516232327,3.271590388078719,15.197879291287805,0.8687084865153019,0.3849925290709448,943.6203041543414,182.0429967282845,1.4670317947513074
250.0,80.42236693624541,3.2449158393143116,15.251294526591181,0.8677903640433808,0.38451252790264234,942.8892928062186,183.1458345221624,1.4629298346951043
250.0,80.82840236056433,3.218386227760134,15.305329405026756,0.8668722415714599,0.3840453284648875,942.1577408752763,184.25087504706786,1.4588533796813876
250.0,81.23399005898185,3.1920013716549414,15.359297371295781,0.8659541190995389,0.3835907535836302,941.4256471158624,185.35811683212984,1.4548023061571116
250.0,81.63912863917976,3.1657607002519312,15.413588086963344,0.865035996627618,0.3831486298312929,940.6930102737821,186.46755820794417,1.4507764539273182
250.0,82.04381669258483,3.1396637747709093,15.468086649639751,0.864117874155697,0.38271878742280213,939.9598290861114,187.57919730397927,1.446775677246379
250.0,82.44805279418111,3.1137101585436078,15.522654655726775,0.863199751683776,0.38230106011492143,939.2261022810343,188.69303204605797,1.442799832057117
250.0,82.85183550230764,3.087899417569453,15.577851964106543,0.862281629211855,0.38189528510877363,938.4918285776749,189.8090601538797,1.438848775980843
250.0,83.25516335843116,3.0622311199164645,15.63323771137802,0.8613635067399341,0.38150130295536444,937.7570066859122,190.92727913852022,1.4349223682857553
250.0,83.65803488694087,3.036704784027267,15.688513504383366,0.8604453842680131,0.3811189574640853,937.0216353062028,192.04768630002653,1.431020457556446
250.0,84.06044859495759,3.011320082566125,15.74417134682281,0.8595272617960922,0.38074809561404355,936.2857131294098,193.17027872504448,1.427142930465353
250.0,84.46240297210157,2.9860765411020296,15.800442617197646,0.8586091393241713,0.38038856746815014,935.5492388366101,194.29505328447502,1.4232922711357563
250.0,84.86389649030879,2.9609737359354082,15.856612882477165,0.8576910168522502,0.38004022608980254,934.8122110989221,195.422006631181,1.419474997760501
250.0,85.26492760360003,2.936011436912521,15.91322673981162,0.8567728943803292,0.3797029274621544,934.0746285773035,196.55113519773607,1.4156814585615685
250.0,85.6654947478947,2.9111888379747564,15.969925525429964,0.8558547719084083,0.3793765304098519,933.3364899223851,197.68243519426503,1.4119115630183126
250.0,86.06559634080179,2.8865057121148894,16.02685036350143,0.8549366494364874,0.37906089652311736,932.5977937742681,198.8159026062903,1.4081651649284344
250.0,86.4652307814055,2.861961644461695,16.084449927132418,0.8540185269645664,0.37875589008411936,931.8585387623298,199.9515331926178,1.4044421386218975
250.0,86.86439645006121,2.8375562225212194,16.142047502220976,0.8531004044926453,0.3784613779956159,931.1187235050355,201.08932248336043,1.4007423597925706
250.0,87.26309170821742,2.8132890346003325,16.19953783566283,0.8521822820207244,0.3781772297116832,930.3783466097528,202.22926577796764,1.3970657055901694
250.0,87.66131489817657,2.789159670853887,16.25791674826634,0.8512641595488035,0.3779033171705071,929.6374066725353,203.37135814327723,1.39341205459404
250.0,88.05906434290596,2.7651677216984814,16.316420557577004,0.8503460370768825,0.37763951472921287,928.895902277931,204.51559441170406,1.3897812867709984
250.0,88.45633834585637,2.7413127786936142,16.37494468929492,0.8494279146049615,0.3773856991006385,928.1538319987877,205.66196917949523,1.386173283433331
250.0,88.85313519074008,2.717594434761739,16.433977093918102,0.8485097921330406,0.37714174929190136,927.411194396049,206.81047680498722,1.3825879271964643
250.0,89.24945314133666,2.694012284392114,16.49312072433868,0.8475916696611197,0.3769075465448601,926.6679880185364,207.96111140698494,1.3790251019413853
250.0,89.64529044130028,2.670565997281434,16.55270906214995,0.8466735471891986,0.37668297427825087,925.9242114027601,209.11386686320049,1.3754846718949196
250.0,90.04064531397357,2.647255021525246,16.612652066220413,0.8457554247172776,0.3764679180316048,925.1798630727067,210.26873680880442,1.3719665649279673
250.0,90.4355159621542,2.6240790295538736,16.672486543466583,0.8448373022453567,0.3762622654106998,924.434941539615,211.42571463496063,1.3684787530201437
250.0,90.8299005679553,2.601037621530697,16.732904894057363,0.8439191797734358,0.3760659060346813,923.6894453017857,212.58479348755495,1.365016192953212
250.0,91.22379729257449,2.578130398951619,16.793765939503523,0.8430010573015148,0.3758787314846887,922.9433728443568,213.74596626593672,1.3615753937087014
250.0,91.61720427610754,2.5553569644334098,16.85451891478219,0.8420829348295938,0.3757006352539453,922.1967226390803,214.90922562173262,1.3581562490825323
250.0,92.01011963737898,2.532716921704132,16.915809893874872,0.8411648123576728,0.3755315126993683,921.4494931441302,216.07456395785715,1.354758653967843
250.0,92.40254147374444,2.5102098758917317,16.977394582318468,0.8402466898857519,0.3753712609944573,920.701682803862,217.24197342743568,1.351382504325063
250.0,92.79446786089756,2.4878354328971626,17.039189230548835,0.8393285674138309,0.3752197790836595,919.9532900486006,218.41144593299143,1.3480276971701408
250.0,93.18589685269654,2.4655931997536515,17.101501987479075,0.83841044494191,0.37507696763796083,919.2043132944266,219.58297312562465,1.3446941305558031
250.0,93.5768264809659,2.4434827847931233,17.163706568678727,0.837492322469989,0.3749427290117749,918.4547509429298,220.75654640427126,1.3413817035500868
250.0,93.96725475535318,2.4215037968871673,17.226576604426448,0.836574199998068,0.37481696720110436,917.7046013810227,221.93215691519526,1.3380903162200792
250.0,94.3571796631185,2.3996559119726553,17.28981978715766,0.835656077526147,0.3746995878028528,916.9538629806881,223.10979555142077,1.3348198615347735
250.0,94.74659916897096,2.3779386165106144,17.35295595662425,0.8347379550542261,0.37459049797529764,916.2025340987567,224.2894529523385,1.331570258019231
250.0,95.13551121487879,2.356351580441531,17.416658466313976,0.8338198325823051,0.37448960639973045,915.4506130766779,225.47111950340954,1.3283461501914438
250.0,95.52391371993102,2.3348944156069957,17.48084008598309,0.8329017101103842,0.37439682324315976,914.6980982403019,226.65478533599332,1.3251488270513396
250.0,95.91180458015226,2.3135667351133717,17.545054023225916,0.8319835876384631,0.37431206012209034,913.9449878996409,227.84044032725166,1.3219718538783045
250.0,96.29918166833184,2.2923681529358237,17.60976362294364,0.8310654651665422,0.3742352300673471,913.191280348637,229.02807410018414,1.31881513893864
250.0,96.68604283386021,2.2712982965332027,17.674638797813436,0.8301473426946213,0.3741662474898674,912.4369738649312,230.21767602373936,1.315678573827775
250.0,97.07238590258278,2.2503567796415673,17.740093573266,0.8292292202227003,0.3741050281474837,911.6820667096314,231.40923521307656,1.31256210202461
250.0,97.45820867663681,2.22954321233147,17.80574757410622,0.8283110977507793,0.37405148911269354,910.92655712708,232.60274052994814,1.3094656183393334
250.0,97.84350893427298,2.208857211590239,17.87130353553487,0.8273929752788584,0.3740055487412633,910.1704433446034,233.79818058310786,1.3063890343505096
250.0,98.22828442975343,2.1882983945962238,17.938016870224693,0.8264748528069374,0.3739671266418387,909.4137235723038,234.99554372900874,1.303332262396224
250.0,98.61253289315134,2.1678663790507575,18.004623899795305,0.8255567303350164,0.3739361436463033,908.6563960027911,236.19481807239944,1.3002952155547323
250.0,98.99625203021907,2.147560783267576,18.071467398269327,0.8246386078630954,0.37391252178107065,907.8984588109598,237.3959914672041,1.297277807633474
250.0,99.37943952228852,2.1273812262916487,18.13890111312974,0.8237204853911745,0.3738961842392009,907.1399101537648,238.59905151751832,1.2942885045216062
250.0,99.76209302606433,2.1073273273459474,18.206470039857464,0.8228023629192536,0.3738870553532338,906.3807481699512,239.80398557857538,1.2913205264434493
250.0,100.14421017352663,2.0873987050983387,18.27462652491758,0.8218842404473325,0.3738850605688772,905.6209709798317,241.01078075798898,1.2883717324924577
250.0,100.52578857180103,2.0675949400019626,18.342824964045157,0.8209661179754115,0.3738901264194671,904.8605766850549,242.21942391710104,1.2854420416031134
250.0,100.90682580301076,2.047915748010909,18.411687411976224,0.8200479955034906,0.3739021805010598,904.0995633683417,243.42990167232685,1.2825313741550441
250.0,101.2873194241538,2.0283606923209336,18.48085998709778,0.8191298730315697,0.37392115144836224,903.3379290932563,244.64220039677264,1.2796396499591962
250.0,101.66726696701363,2.0089293899059557,18.54993001323605,0.8182117505596487,0.37394696891132323,902.5756719039823,245.85630622195774,1.2767667900586177
250.0,102.04666593798026,1.9896214649440551,18.620097626229928,0.8172936280877277,0.37397956353230044,901.8127898250368,247.0722050394775,1.273912716029281
250.0,102.42551381798633,1.9704366520546637,18.690247368316008,0.8163755056158067,0.3740188669240892,901.0492808610682,248.28988250308592,1.2710773402527016
250.0,102.80380806238435,1.951374388460791,18.76067841183452,0.8154573831438858,0.3740648116484219,900.2851429966003,249.5093240306744,1.2682652443541507
250.0,103.18154610081703,1.9324342614720618,18.831732301881182,0.8145392606719648,0.37411733119515755,899.5203741957771,250.7305148064351,1.2654771797594062
250.0,103.55872533715039,1.9136160534161932,18.90293850154199,0.8136211382000439,0.3741763599621258,898.7549724021457,251.9534397832291,1.2627073923426715
250.0,103.93534314933763,1.8949193592556353,18.974713878838877,0.8127030157281229,0.37424183323546134,897.988935538384,253.17808368492527,1.2599558095231984
250.0,104.31139688936554,1.876343787704913,19.046673656677108,0.811784893256202,0.37431368717065,897.2222615060907,254.40443100905426,1.2572223587923759
250.0,104.686883883124,1.8578891702160911,19.11932124070193,0.8108667707842809,0.3743918587740105,896.454948185514,255.6324660293885,1.2545069566967142
250.0,105.0618014303439,1.8395547068897151,19.19209179937841,0.80994864831236,0.37447628588483917,895.6869934353256,256.8621727988085,1.2518095532689277
250.0,105.4361468044968,1.8213402257116498,19.265240753647966,0.809030525840439,0.3745669071579679,894.9183950923659,258.09353515214116,1.2491300659732039
250.0,105.80991725273684,1.8032453492681175,19.33911778947354,0.8081124033685181,0.3746636620469897,894.1491509714182,259.3265367092942,1.2464694164335863
250.0,106.18310999582462,1.7852697001862807,19.41289502670095,0.8071942808965971,0.37476649078787405,893.3792588649608,260.5611608783611,1.2438353999998162
250.0,106.55572222803131,1.767412901337376,19.48752100757384,0.8062761584246761,0.37487533438309933,892.6087165429146,261.79739085886854,1.2412188903526336
250.0,106.9277511171148,1.7496744561635025,19.5624117558187,0.8053580359527551,0.37499013458634434,891.8375217524224,263.03520964525256,1.2386198164879776
250.0,107.2991938042336,1.732054225578461,19.637682550764655,0.8044399134808342,0.37511083388756045,891.0656722175969,264.2746000303196,1.2360381172992183
250.0,107.6700474038785,1.7145517161055595,19.713371478049616,0.8035217910089132,0.37523737549851405,890.2931656392767,265.51554460885177,1.233473722642724
250.0,108.04030900386475,1.6971665503074698,19.789541365664256,0.8026036685369923,0.3753697033388477,889.5199996948055,266.75802578141486,1.2309265656694373
250.0,108.40997566524469,1.6798983506550995,19.86610122604114,0.8016855460650714,0.375507762022456,888.7461720377772,268.0020257581286,1.2283965797907173
250.0,108.77904442228504,1.6627467393245465,19.94292472250912,0.8007674235931503,0.3756514968444029,887.9716802978016,269.24752656267896,1.2258890817406118
250.0,109.14751228242099,1.6457113381463837,20.02061825552128,0.7998493011212293,0.37580085376816835,887.1965220802758,270.4945100363672,1.2234026947948813
250.0,109.5153762262348,1.6287917683624247,20.098215355556846,0.7989311786493084,0.37595577941334835,886.4206949661441,271.74295784229867,1.2209330881253968
250.0,109.8826332074248,1.6119876508224493,20.176726060594156,0.7980130561773875,0.37611622104370473,885.6441965116658,272.9928514696441,1.2184801985377012
250.0,110.24928015276008,1.5952986055049614,20.255465095093616,0.7970949337054665,0.3762821265555909,884.8670242481666,274.24417223797883,1.2160439629855229
250.0,110.61531396210425,1.5787242903526617,20.334537268555835,0.7961768112335454,0.37645344446681855,884.0891756818354,275.49690130184314,1.2136243164226739
250.0,110.98073150836676,1.562264245221585,20.41437264039986,0.7952586887616245,0.37663012390579065,883.3106482934684,276.75101965524493,1.2112212001571838
250.0,111.34552963750579,1.5459181323210922,20.49443974795797,0.7943405662897036,0.3768121146010153,882.5314395382477,278.00650813631364,1.2088410174373458
250.0,111.70970516852707,1.5296855740269895,20.574993991868126,0.7934224438177826,0.37699936687101837,881.7515468455098,279.2633474321075,1.206479918527538
250.0,112.07325489347495,1.5135661891439725,20.656082820158808,0.7925043213458616,0.3771918316145071,880.9709676185214,280.5215180834183,1.2041349714668856
250.0,112.43617557744861,1.4975595969516238,20.73769452374689,0.7915861988739407,0.3773894603008463,880.1896992342474,281.78100048966155,1.2018061165492764
250.0,112.79846395862027,1.4816654170114176,20.819523720170068,0.7906680764020197,0.37759220496098883,879.4077390431382,283.0417749139927,1.1994932941510328
250.0,113.16011674821294,1.4658832676563691,20.90230823201368,0.7897499539300987,0.3778000181784789,878.6250843688803,284.3038214882206,1.1971964447154861
250.0,113.52113063056647,1.4502127680352896,20.985002880088658,0.7888318314581777,0.37801285308099014,877.8417325082042,285.5671202181365,1.194919110722877
250.0,113.88150226312746,1.434653642126961,21.068787809410644,0.7879137089862568,0.3782306633319606,877.0576807306427,286.83165098861883,1.192662967253284
250.0,114.24122827649936,1.4192053010506107,21.152664757632508,0.7869955865143359,0.3784534031226106,876.2729262783147,288.0973935689729,1.190422436321532
250.0,114.60030527445868,1.4038674666032067,21.23719110100307,0.7860774640424149,0.3786810271642084,875.4874663657154,289.36432761830827,1.188197455902791
250.0,114.95872983400949,1.3886397540119455,21.32226074370142,0.7851593415704939,0.37891349068056857,874.7012981794876,290.63243269091777,1.1859879691132653
250.0,115.3164985054173,1.373521778606115,21.407727140742914,0.7842412190985729,0.37915074940084836,873.9144188782154,291.9016882417877,1.183793919121904
250.0,115.67360781225648,1.3585131575181735,21.493849299981655,0.783323096626652,0.3793927595525416,873.1268255922106,293.1720736321086,1.181620398732844
250.0,116.03005425147515,1.3436135062814816,21.580461424665582,0.782404974154731,0.37963947785476443,872.3385154232943,294.44356813487144,1.1794657169451253
250.0,116.38583429342262,1.3288224403930062,21.667489183168637,0.7814868516828101,0.37989086151171575,871.549485444587,295.71615094046587,1.1773261171960154
250.0,116.74094438194744,1.3141395760227312,21.75527348764986,0.780568729210889,0.3801468682064058,870.7597327003118,296.9898011623802,1.1752015451663549
250.0,117.09538093441934,1.2995645275386807,21.84334228246204,0.7796506067389681,0.3804074560945509,869.9692542055612,298.26449784283744,1.173091946518004
250.0,117.4491403418525,1.2850969088321638,21.93222236375224,0.7787324842670471,0.3806725837987575,869.1780469461271,299.5402199586337,1.1709989130383271
250.0,117.80221896893158,1.2707363344021096,22.021517291511795,0.7778143617951262,0.3809422104028382,868.3861078782663,300.8169464268413,1.1689276074310126
250.0,118.15461315410528,1.2564824166090602,22.111367365377568,0.7768962393232052,0.38121629544631197,867.5934339285111,302.0946561105834,1.1668709289941506
250.0,118.50631920968726,1.2423347684043489,22.201899166749072,0.7759781168512843,0.38149479891916566,866.8000219934705,303.37332782489733,1.164828825739581
250.0,118.85733342192404,1.2282929407881307,22.292768457805813,0.7750599943793632,0.38177768125676886,866.0058689396345,304.6529403425838,1.1628012459029256
250.0,119.20765205107544,1.214356666596304,22.384547967752983,0.7741418719074423,0.38206490333487825,865.210971603153,305.93347239994,1.1607895080131454
250.0,119.55727133153539,1.2005254945363804,22.476624999067084,0.7732237494355213,0.3823564264649257,864.4153267896735,307.21490270271056,1.1587991165597191
250.0,119.90618747190715,1.1867990348535635,22.569522876621175,0.7723056269636004,0.38265221238948494,863.6189312741226,308.4972099319727,1.1568229107669752
250.0,120.25439665513139,1.173176898772533,22.662896130170196,0.7713875044916794,0.3829522232777259,862.8217818005334,309.7803727499081,1.1548608406949192
250.0,120.6018950385512,1.1596586965226263,22.756884390699515,0.7704693820197585,0.3832564217211974,862.0238750818309,311.06436980569646,1.1529128562972726
250.0,120.9486787540659,1.1462440387492112,22.851580364692538,0.7695512595478375,0.38356477072968836,861.2252077996645,312.34917974140603,1.15098264268338
250.0,121.29474390823212,1.1329325096992011,22.946692323978226,0.7686331370759165,0.38387723372723404,860.4257766042228,313.6347811978436,1.149070724293613
250.0,121.64008658233088,1.1197237630814179,23.042737462953728,0.7677150146039955,0.38419377454812614,859.6255781140081,314.92115282018364,1.1471725610859609
250.0,121.98470283257787,1.1066173888857738,23.13900815251155,0.7667968921320746,0.3845143574333945,858.8246089157162,316.208273264124,1.1452881066852496
250.0,122.32858869016532,1.0936129943107071,23.23642894910835,0.7658787696601537,0.38483894702697924,858.022865563996,317.49612120134833,1.1434176039488784
250.0,122.67174016143099,1.0807101873173592,23.33392857643235,0.7649606471882326,0.3851675083723765,857.2203445813026,318.7846753254937,1.1415683497691451
250.0,123.01415322797466,1.0679085753917026,23.432714989472963,0.7640425247163116,0.3855000069091362,856.4170424577029,320.0739143577417,1.1397324825389312
250.0,123.35582384681437,1.055207764866618,23.531583196962146,0.7631244022443907,0.3858364084697166,855.6129556507215,321.3638170526889,1.1379099558651615
250.0,123.69674795045435,1.042607569523928,23.631656224563216,0.7622062797724698,0.38617667927611676,854.8080805851099,322.6543622037151,1.1361007213689072
250.0,124.03692144710898,1.0301071773315822,23.731970461960127,0.7612881573005488,0.3865207859370052,854.0024136527356,323.94552864894405,1.1343115006051587
250.0,124.37634022077553,1.017706428190153,23.833313657132194,0.7603700348286277,0.3868686954445247,853.1959512123626,325.2372952764946,1.1325363173199445
250.0,124.71500013142813,1.0054048977768861,23.935100657522945,0.7594519123567068,0.3872203751715884,852.3886895895112,326.5296410302886,1.1307741157792057
250.0,125.05289701512933,0.993202209909878,24.037748282815414,0.7585337898847859,0.3875757928689198,851.5806250762647,327.8225449153203,1.1290248498607052
250.0,125.39002668418046,0.9810979796635835,24.141034071074706,0.7576156674128649,0.38793491666234986,850.7717539311027,329.11598600312374,1.1272955776379694
250.0,125.72638492728584,0.9690919535350414,24.245021102633814,0.756697544940944,0.3882977150501854,849.9620723787376,330.4099434371679,1.1255794696478918
250.0,126.06196750971668,0.9571832148458859,24.34983851068802,0.755779422469023,0.38866415690059464,849.1515766099578,331.70439643814575,1.123875751941595
250.0,126.39677017341711,0.9453719408242662,24.45527689120899,0.754861299997102,0.3890342114490707,848.3402627814392,332.99932430915794,1.1221868458676936
250.0,126.73078863721035,0.9336575293905179,24.561558415267797,0.753943177525181,0.38940784829598896,847.5281270155906,334.2947064409201,1.1205157191021833
250.0,127.06401859692932,0.9220395831261703,24.66860621797887,0.7530250550532601,0.3897850374041955,846.7151654003972,335.59052231684757,1.1188569059474227
250.0,127.3964557255999,0.9105177047579845,24.776263632046955,0.7521069325813391,0.39016574909666835,845.9013739892479,336.88675151808036,1.1172103636269421
250.0,127.72809567356101,0.8990914957803736,24.88496957028474,0.7511888101094182,0.3905499540542155,845.086748800775,338.1833737284134,1.1155816421902685
250.0,128.05893406867642,0.8877605579097079,24.99401465617997,0.7502706876374972,0.3909376233132299,844.2712858186949,339.48036873917476,1.113966698845262
250.0,128.388966516455,0.8765244921898308,25.104427240546773,0.7493525651655762,0.3913287282634785,843.4549809916421,340.77771645397445,1.1123637320404822
250.0,128.7181886002575,0.8653829001710265,25.215136594020656,0.7484344426936553,0.39172324064599834,842.6378302330268,342.0753968935147,1.1107756730246665
250.0,129.04659588140674,0.8543353834417772,25.32703944609333,0.7475163202217343,0.3921211325508894,841.8198294208405,343.3733902000297,1.1092036403400525
250.0,129.3741838994405,0.8433815400729596,25.439544711757712,0.7465981977498133,0.39252237641534926,841.0009743975533,344.6716766420462,1.1076432978854953
250.0,129.70094817216903,0.832520967047955,25.55286632348477,0.7456800752778924,0.39292694502146475,840.1812609698814,345.9702366185124,1.1060961543384282
250.0,130.02688419594037,0.8217532223389723,25.667214174389272,0.7447619528059715,0.3933348114944045,839.360684908703,347.26905066350514,1.1045660732098836
250.0,130.3519874457537,0.8110801592441998,25.78226011202195,0.7438438303340504,0.39374594930023044,838.5392419488533,348.5680994501742,1.1030474180824779
250.0,130.67625337546184,0.8004942528025905,25.898214051506528,0.7429257078621294,0.3941603322440764,837.7169277889946,349.8673637951105,1.1015412559134072
250.0,130.99967741790493,0.7900013896707829,26.015004222707184,0.7420075853902085,0.3945779344681455,836.8937380914349,351.16682466228576,1.100052197180943
250.0,131.32225498510905,0.7796004551313174,26.132715984370655,0.7410894629182876,0.3949987304497927,836.0696684819916,352.466463167055,1.098574244554724
250.0,131.64398146846165,0.7692874356536132,26.251263766555766,0.7401713404463666,0.3954226949996569,835.2447145498386,353.7662605800617,1.0971090730594455
250.0,131.96485223883212,0.7590920014189152,26.370861530408312,0.7392532179744455,0.39584980325973973,834.4188718473121,355.0661983308873,1.0956601016755447
250.0,132.2848626468371,0.748953141298954,26.49110194470872,0.7383350955025246,0.39628003070164175,833.5921358898261,356.36625801195225,1.0942207835946478
250.0,132.60400802289124,0.7389076039555136,26.612526103466603,0.7374169730306037,0.39671335312451594,832.7645021556315,357.66642138171244,1.0927976634642198
250.0,132.9222836774712,0.7289836470562215,26.73480911279852,0.7364988505586827,0.3971497466534163,831.9359660857181,358.96667036843394,1.0913867095495051
250.0,133.2396849012306,0.7190923305778718,26.857854751698397,0.7355807280867617,0.3975891877373641,831.1065230836388,360.2669870733888,1.0899886013542026
250.0,133.5562069652066,0.7093154126053629,26.982221574025587,0.7346626056148408,0.39803165314756267,830.2761685153528,361.567353774149,1.088604705772866
250.0,133.8718451209726,0.6996860335915788,27.10731895014004,0.7337444831429198,0.3984771199755973,829.44489770908,362.86775292777395,1.0872342253113116
250.0,134.18659460077652,0.6900918097368826,27.23333695391485,0.7328263606709988,0.3989255656315073,828.6127059551086,364.16816717364543,1.0858739822722723
250.0,134.50045061774384,0.6805277151259534,27.360578021226367,0.7319082381990778,0.3993769678421239,827.7795885056687,365.4685793366234,1.0845282618367078
250.0,134.81340836604699,0.671067721799057,27.48865530333502,0.7309901157271569,0.39983130464918587,826.945540574773,366.7689724297747,1.08319559140775
250.0,135.43660973940945,0.6525196277540454,27.74792648685422,0.729153870783315,0.4007486957833552,825.274633932513,369.36963441598,1.0805660367174337
250.0,135.7468436594077,0.6433556779732097,27.87898670124545,0.7282357483113939,0.40121170775223214,824.4377654565614,370.6698702999767,1.0792697652227188
250.0,136.05615990095492,0.6342854748552491,28.011133921648167,0.727317625839473,0.4016775695976166,823.5999469696745,371.97002110112004,1.0779880596397649
250.0,136.36455356579515,0.6252590088744836,28.144327934177333,0.7263995033675521,0.4021462609086977,822.7611734922831,373.2700708119806,1.0767149644429066
250.0,136.978553482484,0.6075450216513257,28.41426103429025,0.72456325842371,0.4030920518034245,821.0807414515588,375.8698039499364,1.0742125764743269
250.0,137.2841498484239,0.598792759028888,28.55074350138816,0.7236451359517891,0.40356911207855445,820.2390727324004,377.1694563848544,1.0729784864298801
250.0,137.5888038661486,0.5901508189233241,28.68867554164067,0.7227270134798682,0.40404892319874,819.3964287107602,378.4689457490433,1.0717606854712238
250.0,137.89251054893845,0.5815612086840494,28.82720680590063,0.7218088910079472,0.40453146625535347,818.552804209383,379.768257069323,1.0705460394111446
250.0,138.4970618766363,0.5646500642405782,29.108298218304277,0.7199726460641054,0.40550467401568363,816.8625928578291,382.3662867473927,1.0681655683797815
250.0,138.7978964624232,0.5563374219774244,29.250485105940733,0.7190545235921844,0.40599530236922104,816.0159954521328,383.66497622580874,1.0669932414958898
250.0,139.09776359529081,0.548077687834136,29.39396677965719,0.7181364011202633,0.4064885899549966,815.1683964552774,384.9634299042068,1.065833273977935
250.0,139.39665820371206,0.5398719785546238,29.538045681219643,0.7172182786483424,0.4069845193203482,814.3197904879478,386.26163388489016,1.0646750338690119
250.0,139.6945751995984,0.531819613094571,29.684262130375117,0.7163001561764215,0.40748307329816,813.4701721298633,387.55957448905644,1.063542779826784
250.0,139.9915094784855,0.5238268453786752,29.83085644829732,0.7153820337045005,0.40798423500509706,812.6195359196341,388.85723825805314,1.0624119835209922
250.0,140.28745591959228,0.5158938386718964,29.979232504593767,0.7144639112325795,0.4084879878395175,811.7678763545131,390.15461195402867,1.0613010707379498
250.0,140.58240938603174,0.5080382841223762,30.129128313655713,0.7135457887606586,0.4089943154798354,810.9151878902749,391.4516825612097,1.0602036383167046
250.0,140.8763647248553,0.500300088122185,30.279368502220258,0.7126276662887376,0.4095032018822999,810.0614649409549,392.7484372862136,1.059105459044604
250.0,141.46126032860846,0.4849176502854443,30.584533665391056,0.7107914213448956,0.4105285881775346,808.3508930336066,395.340949033924,1.0569572202690047
250.0,141.75219020867084,0.47742574217590333,30.7384486145966,0.7098732988729747,0.4110450573556048,807.4940326933876,396.63668158890016,1.0558907410286533
250.0,142.0421011916277,0.4699594446129453,30.894536150533558,0.7089551764010538,0.4115640238626254,806.636115103316,397.932049327276,1.05484710495702
250.0,142.3309880462265,0.4626045034375108,31.05161320159712,0.7080370539291327,0.41208547301590537,805.7771344659265,399.2270405772882,1.0538129919046817
250.0,142.90566836888846,0.4481918445226079,31.37064335202823,0.7062008089852908,0.41313576186061074,804.0559606446199,401.8158480527717,1.0517886009146973
250.0,143.1914512982565,0.4409042055402747,31.530993223125762,0.7052826865133699,0.4136645735106981,803.1937556503626,403.1096420624059,1.0507720407805874
250.0,143.4761890220925,0.4338197652584969,31.69270119017464,0.7043645640414489,0.41419581172043496,802.330463987684,404.40301515212644,1.049770902610367
250.0,143.759876233543,0.42717040306015774,31.85725056106947,0.7034464415695278,0.41472946311928943,801.4660796423872,405.6959567780292,1.0488028568957202
250.0,144.04250761095014,0.4198442691557341,32.022131591824056,0.7025283190976069,0.4152655145932379,800.6005965562932,406.988456621714,1.047826031952122
250.0,144.32407781788405,0.41303504919564304,32.1885836619472,0.701610196625686,0.41580395328266495,799.7340086269433,408.2805045898134,1.0468638997304875
250.0,144.6045815032788,0.4062452728598063,32.356592897665045,0.700692074153765,0.41634476658048697,798.8663097074369,409.57209081395183,1.0459155903137662
250.0,144.88401330149483,0.39955139283877605,32.52707337039169,0.699773951681844,0.41688794213012,797.9974936061545,410.8632056502876,1.0449897332832359
250.0,145.43963970144384,0.3863885352423098,32.86891921851234,0.6979377067380022,0.41798133179878016,796.2564848668142,413.4439837040665,1.0431301758361875
250.0,145.71582349974443,0.3798615303556659,33.043186644749454,0.6970195842660811,0.4185315224390007,795.3842796198113,414.73362875226087,1.042229316699623
250.0,145.99091380411508,0.3734060921306904,33.218771900855124,0.6961014617941601,0.4190840283692476,794.5109319726196,416.0227660727454,1.0413364659260065
250.0,146.26490517718798,0.3671053700909171,33.39569782056954,0.6951833393222392,0.41963883845523864,793.6364355064168,417.3113871365663,1.0404534418811302
250.0,146.53779216744982,0.36102264449258975,33.574467689137876,0.6942652168503183,0.42019594180106057,792.7607837561669,418.5994836356666,1.0395870007576329
250.0,147.08023112299156,0.3484843755309641,33.93517155374649,0.6924289719064762,0.42131698586816957,791.0059883106878,421.17407080693994,1.0378632075960716
250.0,147.349772115003,0.34239474095738254,34.11725352201422,0.6915108494345553,0.4218809059715005,790.1268314519518,422.46054596029177,1.0370112765782529
250.0,147.6181867777163,0.33639072680771914,34.30053927101852,0.6905927269626344,0.42244707809446563,789.2464929815586,423.746465509021,1.0361654948339352
250.0,148.41661750626807,0.31882008635262943,34.86374654661809,0.6878383595468716,0.4241590103685599,786.5983206595486,427.6008194381194,1.033734998873838
250.0,148.6804714988442,0.31315795310774486,35.05568928883047,0.6869202370749505,0.4247340954807191,785.7131882611375,428.88444655087466,1.0329600779971813
250.0,149.98231832663373,0.285395272349915,36.02788955149862,0.6823296247153456,0.42764243568359417,781.2691527704515,435.293619033848,1.0290936977967087
250.0,150.49482133238945,0.2748551706056341,36.42767640661787,0.6804933797715038,0.4288209799627144,779.4828325953938,437.8529991577329,1.0276173314845953
250.0,151.00255034500077,0.2645347705509449,36.83860169165203,0.6786571348276618,0.43000812325496746,777.6914514139914,440.4098664490398,1.026222598528895
250.0,151.254610380124,0.25954745814600017,37.0475363006417,0.6777390123557409,0.43060490177939265,776.7938446763857,441.687346118087,1.0255530893135416
250.0,152.0035039988488,0.24477576118249494,37.676444763869,0.6749846449399779,0.43240798447852485,774.093270934552,445.51591798491484,1.0235215325161973
250.0,152.25068724030362,0.2399084963245899,37.88715588536089,0.674066522468057,0.4330132399082664,773.1904701646112,446.79080646803635,1.0228405746395222
250.0,152.49663689707927,0.23522492295103212,38.10315062682581,0.6731483999961361,0.4336205991659002,772.286351993711,448.06503781690475,1.0222079688030459
250.0,152.7413471872589,0.2305119642594819,38.31828382430271,0.672230277524215,0.4342300564768486,771.3809087574932,449.33860867883004,1.021559789557907
250.0,152.98481231504377,0.2259267037073117,38.53654025097896,0.671312155052294,0.43484160625513,770.4741327371961,450.6115158886517,1.0209364639902783
250.0,153.22702647089648,0.2212812903026765,38.75419084412648,0.6703940325803731,0.43545524310213807,769.5660161594255,451.8837564681187,1.0202982934634495
250.0,153.46798383137707,0.2168039988752542,38.974899931627945,0.6694759101084522,0.43607096180433924,768.6565511956196,453.15532762346834,1.0196868102459602
250.0,153.70767855913232,0.21236278783903226,39.19689333561141,0.6685577876365312,0.43668875733143014,767.7457299616881,454.4262267437852,1.0190816066400121
250.0,153.94610480292772,0.20796980403927678,39.42012163942538,0.6676396651646102,0.437308624834929,766.8335445176444,455.69645139990024,1.0184827298503543
250.0,154.18325669749913,0.20362886572978092,39.644880544765584,0.6667215426926892,0.43793055964579525,765.9199868670896,456.9659993418327,1.0178929011371258
250.0,154.41912836354058,0.19936025753846737,39.87141371423229,0.6658034202207683,0.4385545572729484,765.0050489568388,458.2348684975432,1.0173141920043887
250.0,154.65371390767106,0.19497741376206265,40.09535901294106,0.6648852977488473,0.43918061340138814,764.088722676477,459.5030569710739,1.0167085336980117
250.0,154.88700742237364,0.19099970039963124,40.32889411581822,0.6639671752769263,0.4398087238904925,763.1709998579319,460.77056304091474,1.016183544467348
250.0,155.34969466212698,0.1828620058986526,40.79197255144161,0.6621309303330845,0.4410710922483412,761.3313316427002,463.3035219433123,1.0150878938048773
250.0,155.57907650078909,0.17890262694967052,41.02663424762761,0.6612128078611634,0.44170534269127293,760.4093696173409,464.5689721882658,1.014562426968731
250.0,155.80714253704596,0.17486085444305843,41.25955245808224,0.6602946853892425,0.44234163263958054,759.4859777954542,465.83373485044467,1.0140172944794983
250.0,156.03388679160702,0.1710819993044292,41.49685688867825,0.6593765629173216,0.4429799587977242,758.5611477136215,467.09780905316615,1.0135099201386002
250.0,156.25930327060078,0.1672651501948338,41.73495177584699,0.6584584404454006,0.4436203180339428,757.6348708479301,468.3611940832848,1.0130043452837885
250.0,156.48338596552384,0.16351192276489127,41.97412486719205,0.6575403179734796,0.44426270737886003,756.7071386134938,469.6238893897835,1.0125059963349394
250.0,156.70612885311414,0.15979829819515468,42.214491827737504,0.6566221955015586,0.444907124023554,755.7779423639165,470.8858945816187,1.0120162777492283
250.0,156.92752589528098,0.15615044678864257,42.45605860352518,0.6557040730296377,0.44555356531800855,754.8472733907962,472.1472094260817,1.0115358458527344
250.0,157.14757103901687,0.1525527276179992,42.69886501414078,0.6547859505577167,0.4462020287694789,753.9151229232102,473.4078338470261,1.0110639079616501
250.0,157.36625821629391,0.14900946153869127,42.9430408833549,0.6538678280857957,0.44685251204084425,752.9814821271867,474.6677679230471,1.0106016418868644
250.0,157.5835813439326,0.14552155967634137,43.188258645860834,0.6529497056138748,0.4475050129489154,752.0463421051292,475.9270118855404,1.0101480527067779
250.0,157.79953432357854,0.14208478136536082,43.43454068107681,0.6520315831419539,0.44815952946317117,751.1096938953617,477.185566117449,1.009703605655121
250.0,158.01411104154653,0.13870487126977635,43.68196099492544,0.6511134606700328,0.44881605970410415,750.1715284715273,478.44343115132887,1.009268180208353
250.0,158.22730536872032,0.135377145189015,43.93047064272024,0.6501953381981118,0.44947460194144756,749.2318367420248,479.70060766729335,1.0088419434160492
250.0,158.43911116040894,0.13208817572420395,44.179789342274816,0.6492772157261909,0.45013515459276293,748.2906095494263,480.9570964914033,1.0084239613318158
250.0,158.64952225626388,0.12885872854490796,44.43023059572812,0.64835909325427,0.45079771622197345,747.3478376699258,482.21289859400815,1.0080155441771097
250.0,158.8585324801937,0.12568073185719872,44.681458737327446,0.647440970782349,0.45146228553805084,746.4035118127805,483.46801508828133,1.0076162155452362
250.0,159.06613564018085,0.12255192929962319,44.9335436378976,0.6465228483104279,0.4521288613932835,745.4576226196745,484.7224472281163,1.0072259688699372
250.0,159.27232552814576,0.11947455850905278,45.18654859310835,0.645604725838507,0.4527974427817134,744.5101606640837,485.97619640623634,1.0068449660422683
250.0,159.4770959199122,0.1164466324079073,45.44023091698918,0.6446866033665861,0.4534680288382569,743.5611164507753,487.2292641533419,1.0064731314464743
250.0,159.6804405750013,0.11346673982618835,45.69449795933408,0.6437684808946651,0.4541406188368413,742.6104804151009,488.4816521357522,1.006110617833605
250.0,159.88235323649883,0.11052993122469054,45.94956689217312,0.6428503584227441,0.4548152121890428,741.6582429223731,489.73336215377236,1.0057570272149017
250.0,160.08282763089116,0.10765612465735086,46.20524587227156,0.6419322359508232,0.4554918084425885,740.7043942671995,490.9843961398507,1.0054135342413701
250.0,160.28185746806682,0.10482306339201332,46.46128976730563,0.6410141134789022,0.45617040728083486,739.7489246729771,492.2347561581789,1.0050790672856642
250.0,160.4794364409921,0.10203806894595782,46.71792122287958,0.6400959910069812,0.456851008520268,738.7918242910511,493.4844444013393,1.0047540983417982
250.0,160.67555822567724,0.09929951194480466,46.97496317362261,0.6391778685350602,0.457533612110011,737.8330832001609,494.7334631898835,1.0044385383350887
250.0,160.87021648095336,0.0966070386868136,47.23225190518555,0.6382597460631393,0.4582182181300363,736.8726914056895,495.98181497001366,1.0041328152903053
250.0,161.06340484845094,0.09396349003040232,47.489870180210175,0.6373416235912184,0.45890482679068584,735.9106388391118,497.22950231318106,1.0038366691298364
250.0,161.2551169522172,0.09136403598008291,47.74777760113603,0.6364235011192974,0.4595934384298651,734.9469153570473,498.47652791222146,1.003550375477838
250.0,161.44534639879768,0.08881145646312655,48.00570254032217,0.6355053786473763,0.4602840535137153,733.981510740831,499.72289458258706,1.0032739449217198
250.0,161.6340867769514,0.08644433705730571,48.26322035350964,0.6345872561754554,0.46097667263422193,733.0144146956437,500.9686052591228,1.003006051183098
250.0,161.82133165743463,0.08384095923564291,48.52183906916848,0.6336691337035345,0.46167129650782673,732.0456168497262,502.213662994217,1.0027510297302107
250.0,162.0070745930452,0.08141912071786099,48.77978688752335,0.6327510112316135,0.4623679259757703,731.0751067538897,503.4580709585601,1.0025047696763594
250.0,162.1913091181445,0.07904457294922385,49.037568988871364,0.6318328887596926,0.463066562000737,730.1028738804102,504.70183243639536,1.002268866528229
250.0,162.3740287487475,0.07671340226001994,49.2952983628897,0.6309147662877717,0.4637672056674583,729.1289076225635,505.944950826641,1.0020434285291724
250.0,162.55522698222495,0.07442525002506192,49.55262468476956,0.6299966438158506,0.4644698581811107,728.1531972937197,507.1874296406603,1.0018286016851117
250.0,162.73489729711454,0.0721804272531801,49.8095107943214,0.6290785213439296,0.4651745208656725,727.1757321265477,508.42927250009575,1.001624480881659
250.0,162.91303315304478,0.06997674747738682,50.06617392273861,0.6281603988720087,0.46588119516401605,726.1965012723439,509.6704831371231,1.0014312781399306
250.0,163.08962799038775,0.06781595816968009,50.32221192335642,0.6272422764000878,0.4665898826354106,725.2154938000326,510.9110653909431,1.001249173811117
250.0,163.2646752301817,0.06569575282926204,50.57759590307005,0.6263241539281668,0.46730058495563187,724.2326986954877,512.1510232080642,1.001078336570222
250.0,163.43816827394969,0.06395747049345735,50.83228352148587,0.6254060314562457,0.46801330391563506,723.248104860701,513.3903606405371,1.0009207186164386
250.0,163.6101005034701,0.061579160856351754,51.0865242542844,0.6244879089843248,0.46872804142053626,722.2617011129038,514.6290818445335,1.0007713066050092
250.0,163.78046528053136,0.0595784516151768,51.33968368966377,0.6235697865124039,0.46944479948844514,721.2734761836625,515.8671910787187,1.0006355690236983
250.0,163.94925594677494,0.057625293100397754,51.59202021437703,0.6226516640404829,0.4701635802491891,720.283418718045,517.1046927025884,1.0005120494797572
250.0,164.11646582357085,0.05570537249186412,51.84343003260699,0.6217335415685619,0.47088438594500753,719.2915172738549,518.3415911774132,1.0004009594356287
250.0,164.28208821167496,0.053825470713124525,52.09370578180311,0.620815419096641,0.47160721892756513,718.297760320559,519.5778910620919,1.0003026512856703
250.0,164.4461163911182,0.0519848500926317,52.34289506634295,0.61989729662472,0.47233208165854473,717.3021362385059,520.8135970139787,1.0002174333413856
250.0,164.60854362094943,0.050182368623257013,52.59083529006285,0.618979174152799,0.4730589767080654,716.3046333179557,522.0487137866897,1.0001456471807757
250.0,164.7693631390659,0.04841701875194791,52.837524462111034,0.618061051680878,0.47378790675436866,715.3052397581893,523.2832462296486,1.0000876921498902
250.0,164.92856816184667,0.04668719370441077,53.0828835308957,0.6171429292089571,0.474518874581686,714.3039436664058,524.5171992850386,1.0000439697365298
250.0,165.08615188418796,0.04499696694987157,53.32680146270962,0.6162248067370362,0.4752518830815054,713.3007330570422,525.7505779896737,1.0000149563043437
250.0,165.24210747903018,0.043342568634865755,53.569172904500746,0.6153066842651151,0.4759869352498635,712.2955958505206,526.9833874710425,1.0000011470967443
250.0,165.39642809736293,0.041724821851334276,53.809912637465814,0.6143885617931941,0.47672403418851267,711.2885198725337,528.215632949038,1.0
250.0,165.54910686779812,0.040121679070815444,54.049173779800924,0.6134704393212732,0.47746318310226604,710.279492852799,529.4473197321029,1.0
250.0,165.70013689638603,0.03859182546099848,54.28660730144526,0.6125523168493523,0.4782043852989779,709.2685024241018,530.6784532171574,1.0
250.0,165.84951126648187,0.03707792375792412,54.52225305812212,0.6116341943774313,0.4789476441897282,708.2555361213916,531.9090388898509,1.0
250.0,165.9972230383663,0.035598574259924264,54.756030863539735,0.6107160719055102,0.479692963286325,707.2405813805534,533.1390823209933,1.0
250.0,166.1432652491381,0.034152619671776546,54.98791035280043,0.6097979494335893,0.48044034620290527,706.223625537521,534.368589168678,1.0
250.0,166.2876309123518,0.032786776026690057,55.217702567573326,0.6088798269616684,0.4811897966531102,705.2046558270437,535.5975651743119,1.0
250.0,166.4303130178528,0.03135985776090069,55.445513123432605,0.6079617044897474,0.48194131845099997,704.1836593816913,536.826016163763,1.0
250.0,166.57130453149819,0.03001359613593284,55.67116837762243,0.6070435820178264,0.4826949155099429,703.1606232307189,538.0539480457363,1.0
250.0,166.71059839497465,0.02869696901716044,55.89469611478543,0.6061254595459055,0.4834505918425985,702.1355342990232,539.281366811705,1.0
250.0,166.84818752527426,0.027418167518467623,56.115968241939626,0.6052073370739846,0.48420835155777436,701.108379405661,540.508278531267,1.0
250.0,166.98406481488098,0.02616439905120543,56.334877800186845,0.6042892146020635,0.4849681988646635,700.0791452632517,541.7346893581418,1.0
250.0,167.11822313099708,0.024941406995296365,56.55147057734418,0.6033710921301426,0.48573013806645693,699.0478184761533,542.9606055209517,1.0
250.0,167.25065531581475,0.02375341051689626,56.76560071891178,0.6024529696582217,0.48649417356642277,698.0143855399492,544.1860333317474,1.0
250.0,167.38135418584096,0.022587821481957423,56.97732065125429,0.6015348471863007,0.48726030986203567,696.978832839718,545.4109791775988,1.0
250.0,167.51031253171638,0.02142607694104347,57.186548362369756,0.6006167247143797,0.4880285515463387,695.941146648918,546.6354495223222,1.0
250.0,167.63752311810347,0.020354874842991862,57.39308418985323,0.5996986022424587,0.4887989033089684,694.9013131283501,547.8594509078691,1.0
250.0,167.76297868314367,0.019279561748146806,57.59703724497647,0.5987804797705378,0.4895713699326105,693.8593183245376,549.0829899491376,1.0
250.0,167.8866719384224,0.01823420966035202,57.79831861088795,0.5978623572986168,0.49034595629602834,692.8151481687707,550.3060733380804,1.0
250.0,168.00859556857984,0.017225517302912774,57.99686200220942,0.5969442348266958,0.49112266737180105,691.7687884756591,551.5287078404274,1.0
250.0,168.12874223106365,0.01627564323311817,58.19267633841429,0.5960261123547749,0.4919015082269868,690.7202249418564,552.7509002963886,1.0
250.0,168.24710455565474,0.01525844668969952,58.38586571309946,0.595107989882854,0.49268248402016157,689.6694431444802,553.9726576163466,1.0
250.0,168.3636751444514,0.014315492370259855,58.57610492817106,0.5941898674109329,0.49346560000510326,688.6164285401007,555.1939867858384,1.0
250.0,168.47844657137426,0.013407595583791372,58.76342591839635,0.5932717449390119,0.49425086152758757,687.5611664631075,556.4148948608978,1.0
250.0,168.59141138201306,0.012520735798288878,58.94784932947777,0.592353622467091,0.49503827402730577,686.5036421244869,557.6353889705423,1.0
250.0,169.1288732549043,0.008648885724632856,-58.059168976349774,0.5877630101074862,0.4990077979856591,681.1815600584611,563.7319044090218,1.0
250.0,169.330947511523,0.007375575117582993,58.217645078708806,0.5859267651636442,0.5006108650867173,679.0363595312981,566.1678701335638,1.0
250.0,169.42918751726108,0.0067947643925119336,-60.508747635594986,0.5850086426917233,0.5014156922511305,677.9601893865321,567.3853175003569,1.0
250.0,169.52555248584227,0.006248971717211097,-58.7467462821522,0.5840905202198023,0.502222723482663,676.8816180762783,568.6024181809172,1.0
250.0,169.71262625503135,0.005253413834893544,-61.07480548260937,0.5822542752759603,0.5038434236671401,674.7172073915655,571.0356108156564,1.0
250.0,169.80331944704815,0.004806185142400355,-59.299968943179195,0.5813361528040394,0.5046571056086921,673.6313353801635,572.2517186030736,1.0000000007449894
250.0,169.8921063839929,0.004381987551801795,-60.810594128325356,0.5804180303321185,0.505473017594004,672.5429969259228,573.4675113693859,1.0
250.0,170.22803335278473,0.0029609249942917815,-61.81078984105052,0.5767455404444346,0.5087591018187496,668.16464287081,578.3276948794627,1.0
250.0,170.3843526590148,0.0023966495298005973,61.555776825181454,0.5749092955005926,0.5104157033603053,665.9602264306253,580.7561097995681,1.0
250.0,170.53282323406134,0.001917715051707346,59.748417255131585,0.5730730505567507,0.5120814211509512,663.7454643896665,583.183496572415,1.0
250.0,170.60409490403097,0.0017040685255565768,62.44246017225404,0.5721549280848297,0.5129177171175389,662.6341592896173,584.3968258019463,1.0000000000000018
250.0,170.67337990684356,0.0015112019172628787,0.0,0.5712368056129088,0.5137563145131661,661.5202140912376,585.6099238136326,1.0
250.0,170.74067000451672,0.0013333982075977838,-61.645768395716274,0.5703186831409879,0.514597220983026,660.4036105544277,586.8227993438832,1.0
250.0,170.80595692196508,0.0011727556623206327,-69.11546535269034,0.5694005606690669,0.5154404442744038,659.2843302723943,588.0354612059891,1.0
250.0,170.8692323457826,0.001027599284732678,-63.739640836256356,0.5684824381971458,0.5162859922147286,658.1623546683679,589.2479182597922,1.0
250.0,170.93048792531565,0.0008944777195515417,-77.64073416251559,0.5675643157252249,0.5171338727531255,657.0376649955917,590.4601794680499,1.0
250.0,170.98971526999804,0.0007751845855372448,0.0,0.566646193253304,0.5179840939007089,655.9102423318984,591.6722538144074,1.000000000143877
250.0,171.0469059517139,0.0006681494392226886,62.54340623358401,0.565728070781383,0.5188366638097477,654.7800675815103,592.8841504110635,1.0
250.0,171.1020515009801,0.0005724898324755122,-60.24536860361768,0.564809948309462,0.5196915906758446,653.6471214678793,594.0958783649832,1.0
250.0,171.1551434092524,0.00048731582167201856,61.24617509767651,0.563891825837541,0.5205488828201323,652.5113845353496,595.3074468894697,1.000000000472343
250.0,171.20617312811072,0.0004099285198341022,-61.34763388357736,0.5629737033656201,0.5214085486850193,651.3728371462984,596.5188652976611,1.0
250.0,171.255132066453,0.0003464044566240045,60.12788141806417,0.5620555808936991,0.5222705967534984,650.2314594752986,597.7301428926725,1.0000000000449736
250.0,171.30201159328345,0.0002889646768963939,55.723895144876664,0.5611374584217781,0.5231350356621328,649.0872315114572,598.9412891203956,1.0000000000358038
250.0,171.34680303471364,0.00023769591230033253,0.0,0.5602193359498572,0.5240018741154762,647.9401330522131,600.1523134529008,1.0000000000024545
250.0,171.3894976746905,0.0001946779899675312,-63.40970775980493,0.5593012134779363,0.5248711209275837,646.7901437025981,601.3632254443351,1.000000000148457
250.0,171.4300867536966,0.00015571937405627978,-60.43566557611029,0.5583830910060152,0.5257427849959294,645.637242871472,602.5740346949837,1.0
250.0,171.46856147012915,0.00012503063208539971,0.0,0.5574649685340942,0.5266168753785698,644.4814097716933,603.7847509550442,1.0
250.0,171.50491297661839,9.299753023780796e-05,-79.48591665818167,0.5565468460621733,0.5274934011666988,643.3226234127203,604.9953839518784,1.0000000001392775
250.0,171.53913238153697,7.362629091276175e-05,64.34705804415042,0.5556287235902524,0.5283723715565237,642.160862600908,606.2059434870188,1.0
250.0,171.5712107508781,5.784744564152788e-05,74.43887612807359,0.5547106011183314,0.5292537960079289,640.9961059404,607.4164396479919,1.0000000010685675
250.0,171.60113909913994,4.361232347782788e-05,-49.90579695575517,0.5537924786464103,0.5301376837617805,639.828331817315,608.6268821600225,1.0
250.0,171.62890839991965,1.1421007254793948e-05,-61.03056087335325,0.5528743561744894,0.5310240444663595,638.6575184137486,609.8372812262168,1.0000000010305476
250.0,171.6545095787563,2.4084190891044273e-05,-64.82130752065672,0.5519562337025685,0.5319128878266378,637.483643694865,611.0476470558442,1.0000000019043616
250.0,171.677933512917,1.386140797269036e-05,-52.308041589723445,0.5510381112306475,0.5328042236070978,636.3066854064305,612.2579898679737,1.0000000000568383
250.0,171.69917102648384,1.0615120946276876e-05,70.7123661667899,0.5501199887587265,0.5336980612432763,635.1266210650447,613.4683193727988,1.0000000000005114
250.0,171.71821290918388,7.4874462114166815e-06,37.323468552343094,0.5492018662868056,0.5345944114997642,633.9434279850205,614.678646983292,1.0
250.0,171.73504988699733,3.3464859556988814e-06,53.02473927751113,0.5482837438148846,0.5354932840302926,632.7570832308187,615.8889825589034,1.0
250.0,171.74967264036286,9.519412567897233e-08,-63.053135122592145,0.5473656213429636,0.5363946889365873,631.5675636428145,617.0993364854528,1.0000000010662726
250.0,171.76207179609173,1.900132309056062e-06,-14.328625450350431,0.5464474988710426,0.5372986358489712,630.3748458224555,618.309718452284,1.0000000001156357
250.0,171.77223794396144,-6.750688120519044e-08,8.48326967206006,0.5455293763991217,0.5382051367074226,629.1789061559075,619.5201411418698,1.000000001198242
250.0,171.7801616118161,4.358681970188627e-08,65.31582992893841,0.5446112539272008,0.5391142029234528,627.9797207727917,620.7306164542645,1.000000004440645
250.0,171.78583326304573,-8.640992440632543e-08,0.0,0.5436931314552798,0.5400258429626069,626.7772655394833,621.9411523159338,1.000000000691246
250.0,171.78924334108447,4.0810985992720813e-08,0.0,0.5427750089833588,0.540940083775816,625.5715161270286,623.1517810009149,1.0
250.0,171.79038215532242,-1.4305114746093752e-11,0.0,0.5418568865114378,0.5418568865114378,624.3624478276091,624.3624478276091,1.0
