Temperature_[K],Pressure_[bar],Surface_Tension_[mN/m],Interfacial_Thickness_[Å],x_CO2,y_CO2,liquid_density_[kg/m3],vapor_density_[kg/m3],Enrichment_AR_[-]
223.07,7.31103225918211,14.517335241913193,7.24873193633826,0.9987936593945465,0.9390873791944506,1146.8916980539484,18.85342085302724,3.3466777892844397
223.07,7.795317790423855,14.430881016548978,7.282650241088469,0.9975873187890929,0.8855587860199923,1146.653510931334,19.99391217017401,3.330843700459184
223.07,8.279363404843732,14.344813347120141,7.3159459189983735,0.9963809781836394,0.8381624029744981,1146.4147435344314,21.13748271026263,3.315059929817969
223.07,8.763137789577842,14.259131654877283,7.35005475896881,0.9951746375781857,0.7959122628764905,1146.1753869304264,22.28401434846965,3.2994212787474164
223.07,9.246615886019542,14.173835434111584,7.384001069593822,0.9939682969727321,0.7580216889914299,1145.9354335931062,23.433412948114942,3.2839944205899942
223.07,9.729777389955297,14.08892416346761,7.417348501209857,0.9927619563672786,0.7238556595319448,1145.6948770637005,24.5856030885345,3.2686216178324843
223.07,10.212605663525611,14.004397288719481,7.451447450221941,0.991555615761825,0.6928961380394082,1145.4537117048399,25.740524115163847,3.253307366565922
223.07,10.695086933198645,13.92025421392033,7.485392494161252,0.9903492751563715,0.66471645178921,1145.2119325191954,26.89812714634264,3.238055752510222
223.07,11.177209690065906,13.836494279867303,7.518759266676746,0.9891429345509178,0.6389620909110333,1144.9695350138447,28.058372780400752,3.2228704881627945
223.07,11.658964235313759,13.753116760628464,7.552801559449733,0.9879365939454643,0.6153361342774011,1144.726515097492,29.22122932109526,3.207754944316232
223.07,12.140342331494093,13.670120761059676,7.58676292834312,0.9867302533400107,0.5935880567642308,1144.4828690016009,30.3866713908817,3.1927122400788046
223.07,12.621336932094545,13.587505619525032,7.620166228425354,0.9855239127345572,0.5735050399988706,1144.2385932192378,31.554678837372492,3.1777450107392027
223.07,13.101941969511955,13.505270314395862,7.654135246002469,0.9843175721291036,0.5549051589834748,1143.9936844571162,32.72523586358882,3.1628558447733344
223.07,13.582152187240943,13.423413855473848,7.688132363197255,0.9831112315236501,0.5376319900090438,1143.7481395976529,33.898330330638196,3.1480470147216573
223.07,14.061963005896583,13.341935192292603,7.721591124943217,0.9819048909181964,0.5215503065880074,1143.5019556686707,35.073953194396815,3.1333205709302945
223.07,14.541370415399895,13.260833217576348,7.755474860792454,0.9806985503127429,0.5065426163032003,1143.2551298190076,36.2520980472124,3.118678358449796
223.07,15.020370887374506,13.18010677103575,7.789528542994674,0.9794922097072893,0.49250635342692956,1143.0076592987134,37.432760742545646,3.1041220324783168
223.07,15.498961303712203,13.099754643244587,7.823062906314008,0.9782858691018358,0.4793515872178851,1142.759541442893,38.615939085620695,3.0896530723991993
223.07,15.977138897658735,13.019775579703797,7.856853737650312,0.9770795284963822,0.46699913891624895,1142.5107736583757,39.801632576941515,3.075272794580006
223.07,16.4549012051335,12.94016828488186,7.890985567065337,0.9758731878909287,0.45537902503703026,1142.2613534127172,40.98984219848083,3.0609823642428604
223.07,16.93224602409929,12.860931425999654,7.924616334329066,0.974666847285475,0.4444291629780397,1142.0112782249978,42.180570234480165,3.0467828066214797
223.07,17.40917138061434,12.782063636214474,7.9583106884345085,0.9734605066800215,0.43409428887999585,1141.7605456581482,43.37382012053135,3.0326750174084713
223.07,17.88567550015472,12.703563430062157,7.992542434981274,0.9722541660745679,0.42432504828576584,1141.5091533124632,44.569596315866825,3.0186561024274132
223.07,18.36175678341128,12.625429562657875,8.02628585099805,0.9710478254691144,0.4150772282960629,1141.2570988201228,45.7679041948257,3.0047334536453683
223.07,18.83741378567487,12.547660377985222,8.059895685471012,0.9698414848636608,0.40631110622517713,1141.0043798405313,46.96874995421971,2.990904560250945
223.07,19.312645199246035,12.470254610086792,8.094244276127519,0.9686351442582073,0.3979908946752835,1140.7509940563264,48.172140533968864,2.9771698348032767
223.07,19.787449838339835,12.393210667979735,8.128125341259604,0.9674288036527536,0.3900842668027475,1140.496939169975,49.378083548848124,2.963529678803702
223.07,20.261826626078488,12.31652703461906,8.161644443132154,0.9662224630473001,0.3825619485933616,1140.2422129008173,50.586587229586875,2.9499843845686406
223.07,20.735774583264142,12.2402021758861,8.196135508540358,0.9650161224418465,0.3753973673799747,1139.986812982532,51.797660371864765,2.9365364531279914
223.07,21.20929281861931,12.164234544044286,8.230174586899778,0.963809781836393,0.36856634776630526,1139.7307371609147,53.01131229201821,2.923298837964685
223.07,21.682380520318226,12.08862257944191,8.263784771610027,0.9626034412309394,0.3620468476703359,1139.4739831919699,54.22755278845657,2.9101516333011603
223.07,22.155036948546766,12.01336471204052,8.298264071120094,0.9613971006254859,0.3558187284518922,1139.216548840218,55.44639210795565,2.8970950207226345
223.07,22.627261429034697,11.938459360779621,8.332481255130133,0.9601907600200322,0.3498635541035598,1138.9584318772245,56.66784091614058,2.884130174822588
223.07,23.099053347331285,11.863904944677989,8.36628169998697,0.9589844194145787,0.344164415310986,1138.6996300803114,57.8919102715739,2.8712549809287666
223.07,23.57041214377813,11.789699869391791,8.400681437239832,0.9577780788091251,0.33870577486576037,1138.4401412314082,59.11861160295264,2.858470560916661
223.07,24.041337309066208,11.715842536468001,8.435093943453815,0.9565717382036716,0.333473331470453,1138.1799631160404,60.34795668900106,2.8457768709938347
223.07,24.51182838031091,11.642331341845692,8.469103921706512,0.955365397598218,0.3284538994349712,1137.9190935224456,61.5799576407096,2.8331738201881143
223.07,24.981884937525688,11.569164677477655,8.503434483648746,0.9541590569927645,0.3236353021443014,1137.6575302407675,62.814626885602934,2.8206612734636316
223.07,25.45150660054542,11.49634094458998,8.538061938869788,0.9529527163873108,0.31900627749453125,1137.3952710623553,64.05197715379857,2.8082390550057013
223.07,25.9206930262354,11.423858534778685,8.572298916434988,0.9517463757818573,0.31455639375869177,1137.132313779126,65.29202146561985,2.795906950865377
223.07,26.389443905987665,11.35171576403001,8.606702304527246,0.9505400351764037,0.31027597456566747,1136.8686561830025,66.5347731205795,2.783664713359361
223.07,26.857758963545187,11.279911170307411,8.641707087829282,0.9493336945709502,0.3061560318619899,1136.6042960654092,67.78024568756447,2.771512054471416
223.07,27.32563795295283,11.208443077866006,8.676334088781722,0.9481273539654966,0.3021882058835067,1136.3392312168107,69.02845299608805,2.7594486636317828
223.07,27.79308065680906,11.137309885545319,8.710721443889732,0.946921013360043,0.29836471129709524,1136.0734594263067,70.27940912847075,2.7474741985427085
223.07,28.26008688461162,11.066509995468067,8.745979016057298,0.9457146727545894,0.2946782887855391,1135.8069784812667,71.53312841286352,2.7355882904525157
223.07,28.726656471335144,10.996041813509068,8.7808693450337,0.9445083321491359,0.2911221614448539,1135.539786166988,72.78962541699197,2.723790546062006
223.07,29.19278927605331,10.925903750162412,8.815410121395182,0.9433019915436823,0.28768999544552004,1135.2718802663987,74.04891494256619,2.712080549109114
223.07,29.65848518083416,10.85609422178627,8.850768182909668,0.9420956509382288,0.28437586447923635,1135.003258559794,75.31101202027146,2.7004578621997912
223.07,30.12374408957355,10.786611650503302,8.885936485707767,0.9408893103327752,0.2811742175732614,1134.733918824577,76.57593190526933,2.6889220286991593
223.07,30.58856592705697,10.717454464066954,8.920764465139456,0.9396829697273217,0.2780798499061638,1134.4638588350388,77.84369007316236,2.677472573944245
223.07,31.0529506380444,10.648621096807874,8.956123985517422,0.938476629121868,0.2750878763037439,1134.1930763621551,79.11430221637801,2.6661090064768636
223.07,31.51689818649441,10.580109990286395,8.991584096424383,0.9372702885164145,0.2721937071323769,1133.921569173407,80.38778424092165,2.6548308194170045
223.07,31.980408554754035,10.51191959346542,9.026712573518566,0.9360639479109609,0.26939302634076967,1133.6493350326004,81.66415226344196,2.6436374918574788
223.07,32.443481742956415,10.444048362639688,9.062095747321564,0.9348576073055074,0.2666817714301059,1133.3763716997225,82.94342260861548,2.6325284901705825
223.07,32.90611776837379,10.376494761372564,9.097860710352144,0.9336512667000538,0.2640561151580094,1133.1026769308028,84.22561180678277,2.6215032691607463
223.07,33.3683166648145,10.309257247985036,9.133302227101431,0.9324449260946002,0.2615124488037823,1132.8282484777744,85.51073659181209,2.6105612723015295
223.07,33.8300784821631,10.242334346102853,9.168732618629974,0.9312385854891466,0.2590473668417828,1132.5530840883691,86.79881389919626,2.599701936901691
223.07,34.291403285880165,10.175724503089345,9.204814707676384,0.9300322448836931,0.2566576528866927,1132.277181506005,88.08986086431925,2.588924686735879
223.07,34.75229115656503,10.109426232005045,9.240581076456898,0.9288259042782395,0.2543402667892735,1132.0005384696954,89.38389482090379,2.578228941124028
223.07,35.212742189565674,10.043438021446866,9.276083474932328,0.927619563672786,0.25209233277428533,1131.7231527139534,90.68093329960217,2.5676141102093153
223.07,35.67275649458341,9.977758450746933,9.312604934720667,0.9264132230673324,0.2499111285237366,1131.4450219687114,91.98099402672446,2.5570796053998066
223.07,36.13233419537872,9.912386011750208,9.348892319079413,0.9252068824618789,0.247794075118748,1131.166143959257,93.28409492308963,2.5466248245937364
223.07,36.591475429427625,9.847319241551542,9.384886242923727,0.9240005418564252,0.2457387277623648,1130.8865164061542,94.59025410297087,2.536249164359517
223.07,37.050180347631425,9.782556688338303,9.421615066456127,0.9227942012509717,0.24374276721342855,1130.6061370251866,95.89948987315083,2.525952017644177
223.07,37.508449114087,9.718096911167844,9.45825102158922,0.9215878606455181,0.24180399186883905,1130.3250035273063,97.21182073204494,2.5157327743497166
223.07,37.96628190580942,9.653938479914805,9.494599981468276,0.9203815200400646,0.23992031043767403,1130.0431136185775,98.52726536890081,2.5055920812824057
223.07,38.42367891250484,9.59007997499146,9.531452020654669,0.919175179434611,0.23808973515615892,1129.760465000129,99.84584266305397,2.4955732587198125
223.07,38.88064033637844,9.526519986872563,9.568446213020088,0.9179688388291574,0.23631037549757739,1129.4770553681196,101.16757168324783,2.4856287734969156
223.07,39.33716639192879,9.463257116101918,9.605159593918408,0.9167624982237038,0.2345804323354682,1129.192882413693,102.49247168698822,2.475758061044566
223.07,39.793257305794135,9.400289973430166,9.64216200783762,0.9155561576182503,0.23289819252248445,1128.9079438229523,103.8205621199318,2.465960554641831
223.07,40.24891331653878,9.33761718044148,9.67952354083475,0.9143498170127967,0.23126202385082517,1128.6222372769205,105.15186261531147,2.456235685781705
223.07,40.70413467454299,9.275237370297674,9.716610184135043,0.9131434764073432,0.229670370363247,1128.3357604515206,106.4863929933831,2.446582884477185
223.07,41.15892164181411,9.213149188033249,9.753790675059385,0.9119371358018896,0.22812174798658968,1128.0485110175412,107.82417326087374,2.4370015795708766
223.07,41.61327449191086,9.151351290505355,9.791528113024206,0.910730795196436,0.22661474046218424,1127.7604866406305,109.16522361046356,2.4274911990542827
223.07,42.06719350976862,9.089842345951176,9.82899634558725,0.9095244545909824,0.2251479955499337,1127.4716849812612,110.50956442024591,2.418051170376762
223.07,42.520678991590216,9.02862103341642,9.866383159150018,0.9083181139855289,0.22372022148479284,1127.1821036947247,111.8572162532069,2.408680920731633
223.07,42.97373124476679,8.967686042617872,9.904665943865135,0.9071117733800753,0.22233018366631468,1126.8917404311123,113.20819985668456,2.399379877320793
223.07,43.426350587736515,8.907036073887854,9.942737674046107,0.9059054327746218,0.22097670156356905,1126.600592835303,114.56253616181338,2.3901474676090464
223.07,43.87853734991707,8.846669719100252,9.980573972416892,0.9046990921691682,0.21965864581931277,1126.308658546955,115.92024628297084,2.3809831210636805
223.07,44.33029187158868,8.786585934784597,10.019301737630158,0.9034927515637146,0.21837493553852177,1126.0159352004935,117.28135151716873,2.3718862626585713
223.07,44.78161450384647,8.726783339498136,10.057771319680441,0.902286410958261,0.2171245357478573,1125.7224204251104,118.64587334345912,2.362856324354521
223.07,45.23250560847037,8.667260677374339,10.095994371394502,0.9010800703528075,0.2159064550135236,1125.42811184475,120.01383342226336,2.353892736955138
223.07,45.68296555788718,8.608016709792807,10.135000362712448,0.8998737297473539,0.21471974320619353,1125.1330070781137,121.38525359470891,2.3449949328332296
223.07,46.132994735092076,8.549050199098186,10.173874550620944,0.8986673891419004,0.2135634894024963,1124.8371037386578,122.76015588189632,2.3361623456478418
223.07,46.582593533562495,8.49035982067275,10.212506937612865,0.8974610485364467,0.21243681991342775,1124.540399434583,124.13856248412579,2.3273944030035785
223.07,47.0317623571904,8.431944566139476,10.25180457932776,0.8962547079309932,0.21133889643081993,1124.242891768843,125.52049578008162,2.3186905580763755
223.07,47.48050162024289,8.373803139256328,10.29108972753604,0.8950483673255396,0.2102689142837266,1123.9445783391466,126.9059783259696,2.3100502433374435
223.07,47.92881174726725,8.315934352290634,10.33013764511,0.8938420267200861,0.20922610079719425,1123.6454567379515,128.2950328545766,2.301472901031141
223.07,48.37669317306414,8.25833706602038,10.369747998925249,0.8926356861146325,0.20820971374643796,1123.3455245524813,129.68768227429027,2.292957871974055
223.07,48.82414634260759,8.201010046790088,10.409555420278714,0.891429345509179,0.20721903990006452,1123.0447793647181,131.0839496680305,2.2845049264681387
223.07,49.27117171098761,8.143952170773453,10.449265497756436,0.8902230049037254,0.20625339364639664,1122.7432187514114,132.483858292133,2.2761132963808675
223.07,49.71776974334694,8.087162294109747,10.489463049576628,0.8890166642982718,0.2053121156974022,1122.4408402840827,133.88743157513434,2.2677824348340803
223.07,50.16394091486074,8.030639284343753,10.52982856944798,0.8878103236928182,0.2043945718652075,1122.137641529042,135.29469311651053,2.2595117982848163
223.07,50.60968571063727,7.97438198367402,10.569950632573772,0.8866039830873647,0.20350015190645257,1121.833620047382,136.7056666853007,2.2512998018890786
223.07,51.05500462569609,7.918389347676861,10.610552007928362,0.8853976424819111,0.20262826843014178,1121.528773394991,138.12037621864278,2.2431477146975607
223.07,51.499898164874615,7.862660238700831,10.651337156877489,0.8841913018764576,0.2017783558650158,1121.223099122563,139.53884582025728,2.2350542264773585
223.07,51.94436684281707,7.807193571643185,10.691897595249301,0.8829849612710039,0.20094986948259985,1120.9165947756064,140.96109975877752,2.2270188073384354
223.07,52.38841118389934,7.751988201041767,10.73291305915798,0.8817786206655504,0.2001422844725493,1120.6092578944554,142.3871624660331,2.2190409250520693
223.07,52.832031722161695,7.697043197607637,10.774130149160255,0.8805722800600968,0.1993550950669765,1120.3010860142738,143.81705853517704,2.2111200689644748
223.07,53.27522900125153,7.642357435022668,10.815126633520784,0.8793659394546433,0.1985878137108161,1119.9920766650675,145.25081271874214,2.2032557139156346
223.07,53.71800357438967,7.58792986702351,10.85658624675655,0.8781595988491897,0.19783997027538885,1119.6822273716984,146.68844992655679,2.1954473447079748
223.07,54.16035600428157,7.533759458000273,10.898382896244804,0.8769532582437362,0.19711111131259107,1119.3715356538953,148.12999522356338,2.1876944500328155
223.07,54.60228686307192,7.479845182794588,10.94007586442362,0.8757469176382826,0.19640079934723645,1119.059999026255,149.5754738274763,2.1799965225152067
223.07,55.04379673228122,7.426186026691433,10.982265317990418,0.874540577032829,0.19570861220535202,1118.7476149982688,151.02491110635185,2.172353058749558
223.07,55.48488620271467,7.372780985304173,11.024614922533772,0.8733342364273754,0.19503414237624334,1118.4343810743144,152.47833257597557,2.1647635593334544
223.07,55.92555587444208,7.319629064603588,11.066751702686545,0.8721278958219219,0.19437699640642347,1118.1202947536874,153.93576389716432,2.157227528893897
223.07,56.36580635667764,7.266729280672961,11.109444012964687,0.8709215552164683,0.19373679432352414,1117.8053535305914,155.39723087286603,2.149744476114669
223.07,56.80563826773964,7.214080659836724,11.152237264761297,0.8697152146110148,0.1931131690884513,1117.4895548941636,156.8627594451459,2.142313913755389
223.07,57.24505223495774,7.161682238407629,11.194821631350656,0.8685088740055611,0.19250576607426226,1117.1728963284809,158.33237569200278,2.134935358672061
223.07,57.68404889461428,7.109533062762731,11.23804595240886,0.8673025334001075,0.1919142425701283,1116.8553753125652,159.8061058240127,2.127608331828087
223.07,58.12262889182679,7.057632189111582,11.281286405171087,0.866096192794654,0.19133826730910258,1116.5369893203972,161.28397618082542,2.120332358308798
223.07,58.56079288050443,7.005978683343984,11.324321889937885,0.8648898521892004,0.19077752001826634,1116.217735820925,162.766013227458,2.1131069673236014
223.07,58.99854152323738,6.954571632206172,11.368375723012612,0.8636835115837469,0.1902316909901003,1115.897612278075,164.25224355044372,2.1059316928709713
223.07,59.43587549119055,6.903410107815838,11.412345439205815,0.8624771709782934,0.18970048067385337,1115.5766161507495,165.74269385374666,2.0988081155569924
223.07,59.87279546403796,6.852493225656551,11.456121942855972,0.8612708303728398,0.18918359928586276,1115.2547448928524,167.2373909545426,2.09175089477026
223.07,60.30930212984249,6.801820079642874,11.500748941580085,0.8600644897673861,0.18868076643778425,1114.931995953277,168.7363617787307,2.084744202727378
223.07,60.74539618495896,6.751389785047357,11.545169199415504,0.8588581491619326,0.1881917107817868,1114.6083667759249,170.23963335631544,2.077785307880917
223.07,61.18107833390273,6.701201467878141,11.589564349778279,0.857651808556479,0.18771616967176893,1114.2838547997014,171.7472328164865,2.070873778593849
223.07,61.61634928927243,6.651254247655036,11.634642639648916,0.8564454679510255,0.1872538888398266,1113.9584574585283,173.25918738258116,2.064009181923262
223.07,62.05120977158651,6.6015473042703325,11.679518167731871,0.855239127345572,0.18680462208708576,1113.6321721813415,174.77552436673344,2.0571911034745223
223.07,62.48566050919883,6.552079773586839,11.724559285855499,0.8540327867401183,0.1863681309882072,1113.3049963920914,176.2962711643317,2.0504191178496685
223.07,62.919702238139806,6.502850819635551,11.770208362880915,0.8528264461346647,0.1859441846088525,1112.97692750975,177.82145524823395,2.0436928072438865
223.07,63.3533357019984,6.453859611938325,11.815832331701237,0.8516201055292112,0.18553255923539863,1112.6479629483022,179.35110416272502,2.0370117578537865
223.07,63.7865616517467,6.405105333421829,11.861836130041894,0.8504137649237576,0.1851330381163481,1112.3181001167457,180.88524551722352,2.0303755604831575
223.07,64.21938084564276,6.356587176460181,11.908113722156926,0.8492074243183041,0.18474541121476643,1111.9873364190944,182.42390697972502,2.0237838089891134
223.07,64.65179404902726,6.30830434185515,11.95419572956802,0.8480010837128504,0.18436947497126138,1111.6556692543606,183.9671162699922,2.017236100904261
223.07,65.08380203419506,6.260256039206312,12.000896122266324,0.846794743107397,0.18400503207690216,1111.3230960165606,185.51490115243118,2.0107320374481583
223.07,65.51540558019728,6.21244148710706,12.04762983951251,0.8455884025019433,0.1836518912556532,1110.9896140946933,187.06728942871638,2.0042712234881543
223.07,65.94660547269471,6.16485991284898,12.094205715675868,0.8443820618964898,0.18330986705581104,1110.6552208727364,188.62430893010225,1.9978532675193712
223.07,66.37740250373476,6.117510464673176,12.141594012425081,0.8431757212910362,0.18297877964999085,1110.3199137296328,190.185987509453,1.9914777812625555
223.07,66.80779747161358,6.070392570343692,12.188953890707312,0.8419693806855827,0.1826584546433015,1109.9836900392727,191.75235303294608,1.985144382661088
223.07,67.23779118063182,6.023505390985254,12.236587877330713,0.8407630400801291,0.1823487228892306,1109.6465471704787,193.32343337147196,1.978852689140826
223.07,67.66738444089114,5.976848176574771,12.284736488389726,0.8395566994746755,0.18204942031293372,1109.3084824869813,194.89925639169013,1.9726023244736641
223.07,68.09657806811742,5.9304202056415125,12.332691638801641,0.8383503588692219,0.18176038774154496,1108.9694933474013,196.47984994677944,1.9663929153007151
223.07,68.52537288337193,5.884220760094073,12.381099057790793,0.8371440182637684,0.18148147074115983,1108.6295771052196,198.06524186683293,1.9602240917410199
223.07,68.95376971288249,5.838249128069095,12.429701900550683,0.8359376776583148,0.18121251946019762,1108.288731108749,199.6554599488906,1.954095487509211
223.07,69.38176938775554,5.792504605583353,12.478115324188764,0.8347313370528613,0.18095338847882111,1107.9469527011079,201.25053194665043,1.9480067398912937
223.07,69.8093727437301,5.746986496813401,12.527318763094726,0.8335249964474076,0.18070393666413637,1107.6042392201769,202.85048555976806,1.9419574896984169
223.07,70.23658062093622,5.701694114008759,12.576484045530185,0.8323186558419542,0.18046402703090808,1107.260587998568,204.45534842282268,1.9359473812270558
223.07,70.66339386359058,5.656626777318185,12.625993800440106,0.8311123152365005,0.18023352660751782,1106.9159963635802,206.06514809388756,1.9299760622380702
223.07,71.08981331973322,5.611783816942877,12.676017503441898,0.829905974631047,0.18001230630692278,1106.5704616371486,207.67991204269043,1.9240431839261072
223.07,71.51583984093249,5.567164588381762,12.725850151432162,0.8286996340255934,0.1798002408024018,1106.223981135808,209.29966763842464,1.9181484019413184
223.07,71.94147428196415,5.5227683440978375,12.776202311014657,0.8274932934201399,0.17959720840783663,1105.876552170624,210.92444213708188,1.9122913747554189
223.07,72.36671750050365,5.478594611215238,12.826675674086623,0.8262869528146863,0.17940309096234908,1105.5281720471469,212.5542626684502,1.9064717597506962
223.07,72.79157035679862,5.434642646799609,12.877061945885238,0.8250806122092327,0.1792177737190852,1105.178838065349,214.18915622264856,1.9006892243304032
223.07,73.21603371332266,5.390911818879673,12.928176699415395,0.8238742716037791,0.17904114523793405,1104.8285475195496,215.82914963621516,1.894943436109335
223.07,73.64010843441763,5.3474015128927626,12.979321608178502,0.8226679309983256,0.17887309728204037,1104.4772976983486,217.4742695777916,1.8892340659676075
223.07,74.06379538594,5.30411116455189,13.0309304547876,0.821461590392872,0.17871352471791388,1104.125085884554,219.1245425333591,1.8835607904293397
223.07,74.4870954348503,5.261040098224993,13.082823792245229,0.8202552497874185,0.17856232541897793,1103.771909355092,220.77999479101027,1.8779232859442405
223.07,74.91000944885552,5.21818759288405,13.134528795060424,0.8190489091819648,0.1784194001723934,1103.4177653809265,222.44065242526173,1.8723212380873588
223.07,75.33253829598449,5.175553350274025,13.187040431808704,0.8178425685765113,0.1782846525890473,1103.062651226965,224.10654128093526,1.8667543218021494
223.07,75.7546828441678,5.133136633230712,13.239376328057093,0.8166362279710577,0.17815798901650487,1102.7065641519566,225.77768695651346,1.8612222291817486
223.07,76.17644396078467,5.090936865926433,13.29199275555699,0.8154298873656042,0.17803931845482096,1102.3495014083924,227.45411478704804,1.8557246506355907
223.07,76.59782251225874,5.048953484806227,13.34511943171811,0.8142235467601506,0.17792855247513223,1101.99146024239,229.1358498266142,1.8502762150163599
223.07,77.01881936352395,5.007185928698132,13.398244911960681,0.8130172061546971,0.17782560514080248,1101.632437893577,230.82291683021137,1.8448641982095542
223.07,77.43943537759975,4.96563333846877,13.452150459712712,0.8118108655492435,0.1777303929310858,1101.2724315949672,232.5153402352205,1.8394855068755407
223.07,77.85967141506926,4.92429573647696,13.505898885465216,0.8106045249437899,0.17764283466719966,1100.9114385728276,234.21314414235692,1.834139826123159
223.07,78.27952833355882,4.8831722808149856,13.559950492497613,0.8093981843383363,0.1775628514406228,1100.5494560465454,235.91635229612024,1.8288268794191769
223.07,78.6990069872275,4.842262447159853,13.61432105058146,0.8081918437328828,0.17749036654361808,1100.1864812284723,237.62498806471436,1.8235463805882346
223.07,79.1181082262142,4.801565710545199,13.668538546334595,0.8069855031274292,0.1774253054018007,1099.8225113237777,239.3390744194969,1.8182980464728462
223.07,79.53683289603055,4.761081550083156,13.723772426936307,0.8057791625219757,0.1773675955087194,1099.457543530281,241.05863391389582,1.813081596791121
223.07,79.95518183705657,4.720809338519714,13.778930158068867,0.804572821916522,0.17731716636232803,1099.0915750382853,242.78368866183612,1.807896757370428
223.07,80.37315588386475,4.680748787329886,13.834502904594416,0.8033664813110685,0.1772739494032621,1098.7246030303945,244.51426031562116,1.802743246790387
223.07,80.79075586465991,4.640899284338986,13.8902730700259,0.8021601407056149,0.1772378779548867,1098.3566246813298,246.2503700433462,1.7976207963055848
223.07,81.20798260059304,4.6012603327807025,13.946049017649962,0.8009538001001614,0.17720888716495803,1097.9876371577213,247.99203850575782,1.7925291365340605
223.07,81.62483690513744,4.5618312851665,14.002429664301573,0.7997474594947078,0.17718691394891048,1097.6176376179164,249.73928583263495,1.7874680001546615
223.07,82.04131958340541,4.522611960952427,14.058709995560813,0.7985411188892542,0.17717189693464272,1097.2466232117501,251.49213159865468,1.7824371243223491
223.07,82.45743143124186,4.483601738570034,14.115881551768517,0.7973347782838007,0.17716377640528094,1096.8745910802531,253.25059479676528,1.7774362467379317
223.07,82.87317323550589,4.444800139026001,14.173043797447704,0.7961284376783471,0.17716249426420455,1096.5015383557609,255.0146938229132,1.7724651085848764
223.07,83.28854577129603,4.406206703472943,14.230452537991482,0.7949220970728935,0.17716799394750476,1096.1274621609452,256.78444642974716,1.7675234532870636
223.07,83.70354980358333,4.367820964990568,14.288213403841993,0.79371575646744,0.1771802204175756,1095.7523596094027,258.559869725088,1.7626110270768025
223.07,84.11818608453937,4.329642431780632,14.345876114418637,0.7925094158619864,0.17719912008000316,1095.3762278047093,260.3409801256207,1.75700992356004
223.07,84.53245535387181,4.291670728217779,14.404292196194541,0.7913030752565329,0.1772246407568298,1094.9990638405447,262.12779334171125,1.7499853017673448
223.07,84.94635833756067,4.253905378077713,14.462836040833537,0.7900967346510792,0.17725673163167838,1094.6208648002344,263.9203243449152,1.7430019945414292
223.07,85.35989574706034,4.2163459453944165,14.521943068548083,0.7888903940456257,0.17729534320626963,1094.2416277564623,265.71858734099277,1.7360597743436552
223.07,85.77306827847049,4.178991997215119,14.581072637538291,0.7876840534401721,0.17734042725622826,1093.8613497709655,267.5225957414964,1.7291584192645209
223.07,86.18587661167554,4.141843092063002,14.640463377807265,0.7864777128347186,0.1773919367878907,1093.4800278942023,269.3323621349917,1.7222977139938571
223.07,86.59832140938245,4.10489852528932,14.700175110731088,0.785271372229265,0.1774498259960188,1093.0976591649985,271.14789825777217,1.7154774324187545
223.07,87.01040331623271,4.0681584627398895,14.760004577275907,0.7840650316238114,0.1775140502224442,1092.7142406101934,272.96921496426404,1.7087033614034954
223.07,87.42212295785107,4.031622192070908,14.820688763997637,0.7828586910183579,0.1775845659155707,1092.3297692442727,274.79632219708174,1.701981216472116
223.07,87.83348093986162,3.995289297697358,14.881169908107658,0.7816523504129043,0.17766133059069883,1091.9442420689772,276.62922895665037,1.6952979044258791
223.07,88.2444778469067,3.9591593876321514,14.942349102850862,0.7804460098074507,0.17774430279116413,1091.557656072905,278.46794327060104,1.6886539049019327
223.07,88.65511424159608,3.923232064035157,15.003398303778134,0.7792396692019972,0.17783344205022172,1091.170008231089,280.31247216276955,1.6820490328381223
223.07,89.0653906635277,3.887506932758871,15.06490333085408,0.7780333285965436,0.17792870885372064,1090.781295504583,282.1628216220685,1.675483107479334
223.07,89.47530762817166,3.8519836013451334,15.126834542007025,0.7768269879910901,0.17803006460342816,1090.39151484,284.0189965709382,1.6689559522541362
223.07,89.88486562581018,3.8166616189140274,15.189083865610094,0.7756206473856364,0.17813747158108834,1090.0006631690596,285.8810008337123,1.66246738012143
223.07,90.29406512042269,3.7815407000861696,15.251660047616253,0.7744143067801829,0.17825089291315316,1089.6087374081105,287.7488371047662,1.6560172522810446
223.07,90.70290654856242,3.7466204242666885,15.31425841411744,0.7732079661747293,0.17837029253611636,1089.2157344576378,289.62250691647824,1.6496053906754762
223.07,91.11139031820588,3.7119004126812296,15.377386171883977,0.7720016255692758,0.178495635162528,1088.821651201755,291.5020106071598,1.6432316359014785
223.07,91.51951680756935,3.677380292959401,15.440542797358503,0.7707952849638222,0.17862688624758144,1088.4264845076789,293.3873472888285,1.6368958328271717
223.07,91.92728636392057,3.643059714354235,15.50463384158791,0.7695889443583686,0.178764011956303,1088.030231225182,295.278514814976,1.630597832087002
223.07,92.3346993023599,3.6089382999711015,15.568511310375662,0.7683826037529151,0.17890697913132683,1087.6328881860406,297.17550974836956,1.6243374874186505
223.07,92.74175590458438,3.5750156715167587,15.633011341555346,0.7671762631474615,0.17905575526124315,1087.2344522034587,299.07832732889375,1.6181146535823152
223.07,93.14845641763397,3.541291443506231,15.697423999128254,0.7659699225420079,0.1792103084494673,1086.83492007147,300.98696144144606,1.6119291712552124
223.07,93.5548010525889,3.507765361770215,15.762465153200885,0.7647635819365544,0.17937060738369084,1086.4342885643262,302.90140458402027,1.6057809425549343
223.07,93.96078998329192,3.474437023075889,15.827835666503809,0.7635572413311008,0.17953662130585055,1086.0325544358757,304.8216478359947,1.5996698169722543
223.07,94.36642334502778,3.441306052828193,15.893530966131458,0.7623509007256473,0.17970831998262998,1085.6297144189107,306.74768082664053,1.5936059539125793
223.07,94.77170123315148,3.4083721344669193,15.959422662257614,0.7611445601201936,0.1798856736764672,1085.2257652244975,308.679491703879,1.587585762459392
223.07,95.17662370178171,3.3756348885738876,16.025515793006562,0.75993821951474,0.18006865311712833,1084.8207035413102,310.61706710356634,1.5816020129453927
223.07,95.58119076238484,3.3430939577919387,16.092135231794273,0.7587318789092865,0.18025722947373252,1084.41452603491,312.5603921189649,1.5756545747912594
223.07,95.98540238239117,3.310748974006281,16.159073070644943,0.757525538303833,0.18045137432734323,1084.007229347043,314.50945027087414,1.5697433379231338
223.07,96.38925848378933,3.278599713899882,16.226427431889107,0.7563191976983794,0.18065105964405054,1083.598810094891,316.46422347818367,1.563868196112968
223.07,96.79275894169733,3.2466457926077004,16.293779792514933,0.7551128570929257,0.1808562577485536,1083.1892648703188,318.4246920290572,1.5580290372927283
223.07,97.19590358292035,3.2148868885726256,16.36163673910894,0.7539065164874722,0.18106694129830508,1082.7785902391026,320.3908345528105,1.552225761473486
223.07,97.59869218449123,3.1833226477802112,16.429755857102464,0.7527001758820187,0.18128308325812145,1082.3667827401366,322.3626279924482,1.5464580304807984
223.07,98.00112447220229,3.151952695194386,16.498551967496653,0.7514938352765651,0.18150465687535222,1081.953838884617,324.34004757804456,1.5407262456256008
223.07,98.40320011913002,3.1207767129493087,16.56720866071541,0.7502874946711116,0.1817316356555534,1081.539755155221,326.3230668009545,1.535030181489872
223.07,98.80491874412857,3.089794274704113,16.63649293093244,0.7490811540656579,0.18196399333872298,1081.124528005248,328.3116573889499,1.5293697154617771
223.07,99.20627991034799,3.0590051850446276,16.705684122785996,0.7478748134602045,0.18220170387605794,1080.7081538577725,330.30578928242164,1.5237447298017535
223.07,99.60728312367961,3.028409145761524,16.775913140412257,0.7466684728547508,0.18244474140725583,1080.290629104737,332.3054306115016,1.5181551107671591
223.07,100.00792783130906,2.998005676921193,16.845911039738716,0.7454621322492972,0.182693080238404,1079.8719501060775,334.31054767453566,1.5126172211274778
223.07,100.40821342009455,2.9677946500069226,16.916597047114855,0.7442557916438437,0.18294669482039025,1079.4521131887798,336.32110491751246,1.5071147325698475
223.07,100.80813921511158,2.9377754079567797,16.98706745600922,0.7430494510383902,0.1832055597279464,1079.0311146459646,338.33706491500817,1.501647088198943
223.07,101.20770447808184,2.9079480944128506,17.058604476000546,0.7418431104329366,0.18346964963922868,1078.6089507359193,340.3583883523047,1.4962142242740903
223.07,101.60690840583302,2.878311879797923,17.130008251102872,0.7406367698274829,0.18373893931604837,1078.185617681141,342.3850340090847,1.4908160468539386
223.07,102.00575012877822,2.84886634746693,17.202056987253485,0.7394304292220295,0.18401340358466725,1077.7611116673477,344.41695874446555,1.4854524016662352
223.07,102.40422870935932,2.8196118567717887,17.273914795305764,0.7382240886165758,0.1842930173172464,1077.3354288424725,346.45411748368167,1.4801232350369289
223.07,102.80234314051658,2.7905476875325794,17.346715707776966,0.7370177480111223,0.18457775541393476,1076.9085653156512,348.49646320639994,1.4748286372054753
223.07,103.20009234414846,2.761673504146928,17.41950738430323,0.7358114074056687,0.18486759278558118,1076.4805171561914,350.54394693668667,1.469568553251885
223.07,103.5974751695931,2.732988976727008,17.492956444223843,0.7346050668002151,0.18516250433713877,1076.0512803925212,352.59651773475724,1.4643429301307829
223.07,103.99449039209291,2.7044937821210375,17.566195806870432,0.7333987261947617,0.18546246495172847,1075.6208510111326,354.65412269053246,1.4591517330225274
223.07,104.39113671131261,2.676187583876373,17.640366554833328,0.732192385589308,0.1857674494754088,1075.1892249555112,356.7167069191564,1.4540113506726047
223.07,104.78741274980061,2.648069797647514,17.714552234057713,0.7309860449838544,0.1860774327026285,1074.7563981250416,358.78421355832717,1.44890495041036
223.07,105.18331705152131,2.6201404399141888,17.78939970456331,0.7297797043784009,0.1863923893623969,1074.3223663739125,360.85658376771534,1.4438324862828495
223.07,105.57884808037699,2.5923990273873687,17.86405864590978,0.7285733637729473,0.18671229410518106,1073.8871255100023,362.93375673038827,1.4387939178458322
223.07,105.97400421876006,2.564845197580111,17.939643488417182,0.7273670231674938,0.18703712149059612,1073.450671293765,365.01566965644463,1.4337892055604486
223.07,106.36878376608058,2.537478578537758,18.01527981062182,0.7261606825620401,0.18736684597573156,1073.012999437088,367.1022577885765,1.4288183113365345
223.07,106.76318493738943,2.5102988196827902,18.091487013208678,0.7249543419565867,0.18770144190437826,1072.5741056021543,369.1934544100929,1.423881198127007
223.07,107.15720586194142,2.483305578544155,18.167606050500417,0.723748001351133,0.18804088349688616,1072.1339854002883,371.289190854862,1.4189778296459736
223.07,107.55084458186626,2.4564985114304347,18.244649753739083,0.7225416607456795,0.18838514484097882,1071.692634390809,373.3893965199372,1.4141081702826637
223.07,107.94409905076526,2.4298772466417233,18.321764801697768,0.7213353201402259,0.18873419988315052,1071.2500480798426,375.49399887994,1.4092807682311002
223.07,108.3369671324487,2.40344141753816,18.399324371434872,0.7201289795347723,0.1890880224210646,1070.8062219191702,377.6029235042514,1.4044942577230286
223.07,108.72944659959764,2.377190579491069,18.47699963625847,0.7189226389293188,0.18944658609660459,1070.361151305031,379.71609407619957,1.3997409998686245
223.07,109.12153513253703,2.35112449462173,18.555495497056015,0.7177162983238652,0.18980986438983485,1069.9148315769476,381.8334324147735,1.395020991127794
223.07,109.51323031801924,2.3252426361105343,18.634118225266462,0.7165099577184116,0.1901778306137533,1069.4672580165457,383.9548584987043,1.3903341931701956
223.07,109.9045296479968,2.2995447522727255,18.713026990277115,0.7153036171129581,0.19055045790982117,1069.0184258463437,386.08029049269567,1.3856805805591692
223.07,110.29543051851756,2.2740304016895845,18.79245393676196,0.7140972765075044,0.19092771924437915,1068.5683302285834,388.20964477631287,1.3810601270397314
223.07,110.6859302285818,2.2486991941507966,18.87230361953725,0.712890935902051,0.19130958740588105,1068.116966264014,390.34283597501627,1.3764728061491325
223.07,111.07602597909383,2.2235507588990817,18.952464433256942,0.7116845952965973,0.19169603500287005,1067.6643289907158,392.4797769935478,1.3719231268210177
223.07,111.46571487181954,2.198584506702228,19.032788566808996,0.7104782546911438,0.19208703446288464,1067.2104133828907,394.62037905170183,1.367417338018849
223.07,111.85499390843823,2.173800277312859,19.114002120701826,0.7092719140856902,0.19248255803214606,1066.7552143496864,396.76455172242055,1.362944250249354
223.07,112.24385998955302,2.1491975615238355,19.19520979451174,0.7080655734802367,0.19288257777597612,1066.2987267339906,398.9122029718964,1.3585038280985016
223.07,112.63230991388745,2.1247760243315543,19.276942585178297,0.7068592328747831,0.1932870655802044,1065.8409453112652,401.0632392023428,1.3540960412719105
223.07,113.02034037737027,2.100535162277863,19.35898352868533,0.7056528922693295,0.19369599315314906,1065.381864788342,403.21756529638947,1.3497208488597414
223.07,113.407947972392,2.0764745149468307,19.44179178809075,0.704446551663876,0.19410933202854405,1064.9214798022613,405.37508466399805,1.3453782111516313
223.07,113.79512918707923,2.0525936678367587,19.5244961201795,0.7032402110584224,0.19452705356919742,1064.4597849190989,407.5356992913229,1.3410680895881588
223.07,114.18188040461771,2.028892380553834,19.60799986095,0.7020338704529688,0.1949491289714131,1063.9967746328102,409.699309791561,1.3368053017061072
223.07,114.56819790260725,2.0053700290739114,19.691809002599026,0.7008275298475153,0.19537552927010737,1063.532443364059,411.86581545762624,1.3325748338000085
223.07,114.95407785252638,1.9820259148347237,19.775991875681747,0.6996211892420616,0.1958062253447288,1063.0667854590886,414.0351143168602,1.3283764378684702
223.07,115.33951631922953,1.9588596652449988,19.86054017535311,0.6984148486366082,0.19624118792588863,1062.599795188582,416.2071031874833,1.3242096440292126
223.07,115.72450926048555,1.9358714231972813,19.945694614965984,0.6972085080311545,0.19668038760258313,1062.1314667465374,418.38167773653333,1.320074872914328
223.07,116.10905252659485,1.913060312656328,20.031228058378197,0.696002167425701,0.19712379483020756,1061.6617942491519,420.5587325396487,1.3159720793718637
223.07,116.49314186008863,1.8904258750466034,20.116907514318513,0.6947958268202474,0.19757137993914956,1061.1907717337276,422.7381611422397,1.3119102156845048
223.07,116.87677289542981,1.8679676491323582,20.203593408768967,0.6935894862147939,0.1980231131440209,1060.7183931575826,424.9198561220649,1.307885627112638
223.07,117.25994115885406,1.8456851900818347,20.290223009291545,0.6923831456093403,0.19847896455345931,1060.2446523969772,427.1037091530715,1.3038925537876287
223.07,117.64264206819341,1.8235779049973426,20.37755168362373,0.6911768050038867,0.1989389041805397,1059.7695432460528,429.2896110704889,1.2999309611667011
223.07,118.02487093283833,1.8016453055379376,20.465364481020995,0.6899704643984332,0.19940290195371918,1059.2930594157983,431.47745193701024,1.2960008162083885
223.07,118.4066229537075,1.779886828060525,20.553585577695053,0.6887641237929796,0.19987092772823775,1058.8151945330196,433.66712110981183,1.2921020791020454
223.07,118.7878932233075,1.758301172228923,20.642186839520328,0.687557783187526,0.2003429512980784,1058.3359421393197,435.858507308561,1.2882433431721194
223.07,119.16867672584117,1.736890624305722,20.73143872186401,0.6863514425820725,0.20081894240829767,1057.85529569012,438.0514986840349,1.2844210829344747
223.07,119.54896833741024,1.7156525337102073,20.821073672203894,0.6851451019766188,0.20129887076783762,1057.373248553683,440.245982887468,1.280629770230751
223.07,119.92876282624826,1.6945837809104558,20.911061041557424,0.6839387613711654,0.20178270606267917,1056.8897940101476,442.44184714024385,1.2768693256298942
223.07,120.30805485301413,1.6736885901058103,21.001932052657402,0.6827324207657117,0.20227041796933348,1056.4049252505947,444.63897830400487,1.2731397095954813
223.07,120.68683897120133,1.6529634148044186,21.092809594073103,0.6815260801602582,0.20276197616869754,1055.9186353761354,446.83726295105527,1.2694421314126414
223.07,121.06510962754443,1.6324084113130644,21.184654998010053,0.6803197395548046,0.20325735036012335,1055.4309173970018,449.03658743474693,1.2657872959177865
223.07,121.4428611625138,1.6120263223699949,21.276802554121268,0.6791133989493511,0.2037565102757797,1054.941764231673,451.23683795993713,1.2621629619248227
223.07,121.82008781088106,1.5918152449706435,21.369311891901802,0.6779070583438975,0.2042594256951697,1054.4511687060065,453.43790065323117,1.258568863087807
223.07,122.19678370234057,1.5717669964813914,21.462766503936066,0.6767007177384439,0.20476606645989867,1053.9591235524078,455.6396616331101,1.255005075182308
223.07,122.5729428621779,1.5518901355295336,21.556335517136773,0.6754943771329904,0.20527640248848233,1053.4656214090105,457.8420070794708,1.2514715619246908
223.07,122.94855921200748,1.5321806481593938,21.650779118625067,0.6742880365275368,0.20579040379132346,1052.9706548188665,460.0448233028024,1.247980001999281
223.07,123.32362657057632,1.5126376982129417,21.745591579579283,0.6730816959220832,0.2063080404857441,1052.474216229178,462.24799681274067,1.2445191645217286
223.07,123.69813865456838,1.4932586172602291,21.840937792781205,0.6718753553166297,0.20682928281097315,1051.9762979905274,464.4514143857032,1.241087929864629
223.07,124.07208907958031,1.4740466324792356,21.937091088072002,0.670669014711176,0.20735410114328967,1051.4768923561558,466.6549631320606,1.2376859270777214
223.07,124.4454713610017,1.455005483373511,22.033584248071527,0.6694626741057226,0.207882466010938,1050.9759914812241,468.8585305618845,1.2343156014928987
223.07,124.81827891507261,1.4361272617667056,22.130838914542835,0.6682563335002689,0.20841434810911305,1050.4735874221299,471.0620046499952,1.2309852560347014
223.07,125.1905050599052,1.4174094092158946,22.22848758593149,0.6670499928948154,0.20894971831477266,1049.9696721358155,473.2652738996679,1.227684089304428
223.07,125.56214301661826,1.3988533577497457,22.326832808186204,0.6658436522893618,0.20948854770134295,1049.464237479118,475.4682274051722,1.2244105482910848
223.07,125.93318591046635,1.3804735900183283,22.425942336306505,0.6646373116839083,0.21003080755327908,1048.9572752081287,477.67075491297055,1.2211717257179093
223.07,126.30362677205682,1.3622381912695523,22.525497709006437,0.6634309710784547,0.21057646938035318,1048.448776977568,479.8727468813689,1.217961425820029
223.07,126.67345853857134,1.3441678458255097,22.625731466334642,0.6622246304730011,0.21112550493182983,1047.9387343401868,482.0740945388383,1.2147855921696846
223.07,127.04267405503668,1.326266743600199,22.726652142322315,0.6610182898675476,0.21167788621029054,1047.4271387461674,484.2746899405329,1.2116412627433657
223.07,127.41126607568927,1.3085175018288486,22.82838196457536,0.659811949262094,0.2122335854852853,1046.9139815425842,486.4744260234346,1.2085244494523166
223.07,127.77922726526656,1.2909357261438503,22.93055600945906,0.6586056086566404,0.21279257530657003,1046.3992539728215,488.6731966594092,1.2054390019926806
223.07,128.14655020042318,1.2735021607915258,23.03336819566404,0.6573992680511869,0.21335482851709917,1045.8829471760478,490.8708967067303,1.2023884338689477
223.07,128.51322737120728,1.2562437243212756,23.137112086737037,0.6561929274457332,0.21392031826575242,1045.3650521867264,493.0674220599318,1.1993644213887957
223.07,128.87925118242433,1.2391321715305972,23.24112362245411,0.6549865868402798,0.21448901801947473,1044.845559934069,495.2626696972115,1.196369809330083
223.07,129.24461395516522,1.222173216945606,23.346464592875947,0.6537802462348261,0.21506090157522076,1044.3244612415672,497.45653772637974,1.1934153156907537
223.07,129.6093079283374,1.2053794167835006,23.452075265329682,0.6525739056293726,0.21563594307153042,1043.80174682653,499.64892542887645,1.1904790632381284
223.07,130.69929823849597,1.1559166139394672,23.77396493877862,0.6489548838130119,0.217379761941267,1042.2238148166537,506.2162178564163,1.1818593476426287
223.07,131.06123781218633,1.1397339393543082,23.88253465166114,0.6477485432075583,0.21796718379399532,1041.6945425446627,508.4017019571815,1.179048082440592
223.07,131.4224686019965,1.1237021855395493,23.992073969982926,0.6465422026021047,0.21855763977524734,1041.1636065279683,510.5852211335553,1.1762597239082961
223.07,132.14277087303802,1.0920859719348839,24.21387933864174,0.6441295213911976,0.2197475601531555,1040.0967034346666,514.945994654753,1.1707835175690335
223.07,132.50182569967714,1.0765271091128257,24.3255513975854,0.6429231807857441,0.22034697859689084,1039.5607161717587,517.1230675559613,1.168085489391761
223.07,132.8601384366055,1.0611114333946792,24.438497347129864,0.6417168401802904,0.22094933927871435,1039.0230247908075,519.2978126986168,1.1654146346843097
223.07,133.21770058787857,1.0458351240423491,24.552052292260903,0.640510499574837,0.22155462028798115,1038.4836189235557,521.4701430619048,1.1627752783028809
223.07,133.57450359306287,1.0306986687765312,24.666919228603042,0.6393041589693833,0.22216280015238402,1037.942488091025,523.6399731456398,1.1601663848439414
223.07,133.93053882892892,1.0157311635832469,24.782268508445295,0.6380978183639298,0.22277385784401188,1037.3996217031583,525.8072189898124,1.1575819739320483
223.07,134.9939507806675,0.9716833882475171,25.133635202189172,0.6344787965475691,0.2246240943783723,1035.7605016328084,532.2926349326896,1.1499886978119713
223.07,135.3468275084302,0.9572991378786057,25.252557297863717,0.6332724559421155,0.22524646216631716,1035.2105848883257,534.4487355814355,1.1475171904888155
223.07,136.7501268114996,0.9011037445297632,25.73875652248554,0.6284470935203013,0.2277635483027873,1032.9929028514384,543.0425980187129,1.1378899974016945
223.07,137.4467251552028,0.8739205145892008,25.9872171474534,0.6260344123093942,0.22903841627731958,1031.873092307043,547.3202029991359,1.133230539638699
223.07,138.48510218827974,0.834136248527465,26.370093278496448,0.6224153904930334,0.230970758918117,1030.179400205174,553.7109336492838,1.1264573723871831
223.07,138.82945194915007,0.8210850531969447,26.498326700139046,0.6212090498875797,0.2316201571306779,1029.611061006823,555.8340762635793,1.1242333633824912
223.07,139.17289816649813,0.8082765551096738,26.629058196072243,0.6200027092821263,0.2322721736635134,1029.0408138224368,557.9535673879373,1.1220507599365468
223.07,142.55557893358815,0.6871438143197265,27.999558222424298,0.6079393032275906,0.2389336125764075,1023.2306122754727,578.9356243648582,1.1015357987333294
223.07,143.22031853631216,0.6644141801590648,28.287583704296658,0.6055266220166835,0.24029616247736676,1022.0443860159525,583.0830355410088,1.097706782633113
223.07,143.5511508061429,0.6532634721110719,28.436064467850436,0.6043202814112298,0.24098116045884832,1021.4481617318885,585.1503304920464,1.095843310620271
223.07,151.4589093412743,0.41318922999836843,32.60545931858819,0.5741617662748907,0.2588970957064836,1005.8238250111353,635.3496647294099,1.055828357813644
223.07,163.7930517054357,0.13572098487849904,43.662017990703234,0.5186700984240266,0.295875111434017,972.7843912974204,719.7752709236913,1.0115789712713619
223.07,166.01823555100964,0.10244062296255567,46.685101559096466,0.506606692369491,0.30464728397309515,964.7097446500621,736.7770943077982,1.0064290626766332
223.07,167.06196489765478,0.08691889436938541,48.18799287558917,0.5005749893422231,0.30913903436791784,960.5339426252448,745.1046333026568,1.0042702611401813
223.07,167.26503574443456,0.08396375430434487,48.48933236493976,0.4993686487367695,0.31004602413222365,959.6872466182348,746.7564834585025,1.003884071572928
223.07,167.66541870491213,0.07827456538096958,49.09255226484567,0.49695596752586235,0.31186874031478545,957.982080441576,750.046636369416,1.0031613006466473
223.07,167.8627097908191,0.07551862235203888,49.39396606697728,0.4957496269204088,0.3127844914226214,957.1235493330605,751.6849671188218,1.0028245561651232
223.07,168.05805322234127,0.07282454233037061,49.69533462458486,0.49454328631495525,0.31370318783172796,956.2610117584519,753.3188195397024,1.0025047146359354
223.07,168.251438424923,0.0701913493045474,49.99615796630957,0.4933369457095017,0.3146248421315392,955.3944365024681,754.9482078412723,1.0022019796999881
223.07,168.44285479839937,0.06762545379514895,50.296742702800685,0.49213060510404805,0.31554946700908765,954.5237920445873,756.5731463110749,1.001916818844533
223.07,168.63229171602475,0.06511462379564885,50.596575915387945,0.4909242644985945,0.3164770752475771,953.6490465549368,758.1936493094183,1.0016493130599
223.07,168.81973852385536,0.06264414588084836,50.89569445278085,0.48971792389314095,0.31740767972742917,952.7701678904451,759.8097312677727,1.0013997249690094
223.07,169.00518453981712,0.06025614172865679,51.194038350196706,0.4885115832876874,0.3183412934253556,951.8871235906479,761.421406684074,1.0011689502880692
223.07,169.18861905281972,0.05791538601514497,51.49131681406244,0.48730524268223385,0.31927792941375505,950.9998808734952,763.0286901186423,1.0009570147375173
223.07,169.37003132204364,0.055630855836600365,51.78759818540415,0.4860989020767803,0.3202176008617303,950.1084066312459,764.6315961925804,1.0007644956608581
223.07,169.54941057588417,0.05339946180583853,52.08253727577622,0.48489256147132664,0.32116032103346964,949.212667425996,766.2301395821788,1.0005919144938353
223.07,169.7267460113821,0.05122530065375516,52.37620439688412,0.4836862208658731,0.322106103290646,948.3126294855992,767.8243350195216,1.0004398819762517
223.07,169.90202679307737,0.04910144606657059,52.66828570940459,0.48247988026041955,0.32305496109028153,947.4082586989903,769.4141972861926,1.0003090138098691
223.07,170.0752420521582,0.04702631708229278,52.958826662153164,0.481273539654966,0.32400690798520343,946.4995206117133,770.9997412109327,1.0001999875756276
223.07,170.246380885743,0.04523571833062376,53.24774853391085,0.48006719904951245,0.3249619576256277,945.5863804215415,772.5809816691277,1.0001143570373427
223.07,170.41543235579937,0.04307202173866205,53.534474687640056,0.4788608584440589,0.32592012375838375,944.6688029736627,774.1579335785577,1.0000509371640092
223.07,170.58238548819327,0.04113915579114847,53.81922955166365,0.47765451783860524,0.3268814202260456,943.7467527559237,775.7306118953401,1.0000126363324346
223.07,170.74722927201535,0.03810392119221188,54.10173574177129,0.4764481772331517,0.3278458609704836,942.8201938943043,777.2990316161856,1.0
223.07,170.90995265831825,0.03746009055958229,54.382448180641994,0.47524183662769814,0.32881346002952666,941.889090147721,778.8632077706694,1.0
223.07,171.07054455942827,0.03569629676065513,54.660611094165475,0.4740354960222446,0.3297842315404261,940.9534049033556,780.423155423444,1.0
223.07,171.2289938478718,0.03397611440423369,54.936170871338,0.47282915541679105,0.33075818973911747,940.0131011715033,781.9788896703001,1.0
223.07,171.3852893553321,0.03231141975297352,55.209159842179155,0.4716228148113375,0.33173534895951534,939.0681415804069,783.5304256344444,1.0
223.07,171.53941987182463,0.03069080474936505,55.479430400689154,0.47041647420588384,0.3327157236362895,938.1184883712235,785.0777784676636,1.0
223.07,171.69137414463404,0.021346677223005022,55.75392734493479,0.4692101336004303,0.3336993283043969,937.1641033926835,786.620963346898,1.0
223.07,171.84114087738985,0.02757496208275486,56.01128920655261,0.46800379299497674,0.3346861776006956,936.2049480958217,788.1599954738283,1.0
223.07,171.98870872885476,0.026087536852279224,56.27266780574297,0.4667974523895232,0.3356762862624351,935.2409835283268,789.6948900699601,1.0
223.07,172.13406631216512,0.02464270287672473,56.53096438767537,0.46559111178406964,0.33666966913058144,934.272170329288,791.2256623787234,1.0
223.07,172.27720219365682,0.023241049627631873,56.785901364746735,0.4643847711786161,0.3376663411497021,933.2984687234333,792.7523276624844,1.0
223.07,172.41810489187026,0.021880201365223652,57.037544622132835,0.46317843057316244,0.3386663173685334,932.3198385154757,794.2749012007743,1.0
223.07,172.5567628764432,0.020561361847907463,57.285673221862055,0.4619720899677089,0.33966961294090486,931.3362390842611,795.7933982888269,1.0
223.07,172.69316456718096,0.019283167589243855,57.53023804341497,0.46076574936225534,0.34067624312752803,930.3476293770099,797.307834237494,1.0
223.07,172.8272983328656,0.018045669175610964,57.77125810111772,0.4595594087568018,0.3416862232958892,929.3539679032149,798.8182243704007,1.0
223.07,172.95915249018813,0.01684578155066218,58.00850574602221,0.45835306815134824,0.342699568921424,928.3552127285783,800.3245840229237,1.0
223.07,173.08871530285336,0.015683791948939433,58.24197939840426,0.4571467275458947,0.343716295590893,927.3513214690347,801.8269285442328,1.0
223.07,173.2159749800935,0.014561271417891547,58.471577502795135,0.45594038694044103,0.344736418998257,926.3422512840712,803.3252732890048,1.0
223.07,173.34091967601765,0.013474840047911203,58.6971631459955,0.4547340463349875,0.3457599549523352,925.3279588708378,804.8196336252572,1.0
223.07,173.93049981368443,0.008728974675432329,-59.540124420565185,0.44870234330771963,0.35092938419205644,920.1766145754918,812.2322075530826,1.0
223.07,174.460394733132,0.005332697657556964,0.0,0.4426706402804518,0.35618656481998756,914.8879415339673,819.5474800253569,1.000000000195467
223.07,174.55907584268405,0.004792037948683573,-53.61379858620997,0.44146429967499823,0.3572487153862426,913.8132076311792,820.9990278398814,1.0000000000005123
223.07,174.74903980101834,0.003834683352645443,60.72439932509856,0.43905161846409113,0.35938386824355273,911.6463486587991,823.8907401116925,1.0
223.07,174.8402972379346,0.003412879224751996,0.0,0.4378452778586376,0.360456905440581,910.5541231357472,825.3309354015572,1.0
223.07,174.92905458447706,0.003022483826345888,0.0,0.43663893725318403,0.3615336066401829,909.4559656720056,826.7673773451008,1.000000000018148
223.07,175.01529895187457,0.002671914413506638,-64.53177734903649,0.4354325966477304,0.36261398963942376,908.3518246084027,828.2000813670551,1.0
223.07,175.0990173751847,0.0023517874591461076,79.06790841805977,0.4342262560422768,0.36369807235764084,907.2416476969308,829.6290628714393,1.0
223.07,175.18019681301357,0.0020593213251118504,65.33598687609147,0.4330199154368233,0.3647858728610085,906.1253820934056,831.0543372700296,1.0
223.07,175.25882414596225,0.001795287169107214,-65.47139286476386,0.43181357483136973,0.3658774093585279,905.0029743484888,832.4759199745639,1.0
223.07,175.33488617569628,0.001557401981984476,-63.80585897423934,0.4306072342259162,0.36697270021407197,903.8743703993197,833.8938264089575,1.000000000000985
223.07,175.40836962219217,0.0013419823892257044,-60.49431463701155,0.42940089362046263,0.36807176390887164,902.739515558843,835.3080719601993,1.0
223.07,175.4792611241791,0.0011506843673983165,-63.331202072326306,0.42819455301500897,0.36917461908753196,901.598354508787,836.7186720329726,1.0
223.07,175.5475472378614,0.0009871974971349118,64.57238910427446,0.4269882124095554,0.3702812845681354,900.4508312905189,838.125642058768,1.0000000000296227
223.07,175.6132144330453,0.0008896834243983175,57.48645814594876,0.4257818718041019,0.37139177926144246,899.2968892925254,839.5289973946062,1.0000000000095082
223.07,175.67624909512955,0.0006972301316419907,65.85502739903554,0.4245755311986483,0.3725061222757677,898.1364712449163,840.9287534486949,1.0000000000041762
223.07,175.7366375227729,0.0005798066624603233,62.44760231743034,0.4233691905931948,0.37362433289340763,896.9695192085393,842.3249256482334,1.0000000000002103
223.07,175.7943659243688,0.000476899130476122,-38.720004484857526,0.42216284998774123,0.3747464304927212,895.7959745624083,843.7175293428991,1.0
223.07,175.84942041969617,0.00038713147326219764,-53.47693505741901,0.42095650938228757,0.3758724346535991,894.6157779973903,845.1065799296798,1.0
223.07,175.9017870376818,0.00047869425715351094,-55.84836625945574,0.419750168776834,0.3770023651354551,893.4288695049607,846.4920928229047,1.0
223.07,175.95145171290466,0.0002854603938786749,-73.82841060747654,0.41854382817138047,0.3781362417812478,892.2351883641327,847.8740833377508,1.0
223.07,175.9984002884189,0.00017699128292941168,0.0,0.4173374875659269,0.3792740847078094,891.0346731362574,849.2525669134502,1.0000000000000375
223.07,176.04261851085275,0.00014118956125195838,0.0,0.4161311469604734,0.38041591414767834,889.8272616498547,850.6275589227388,1.0000000013049186
223.07,176.084092029696,0.00012825936815570458,0.0,0.4149248063550198,0.3815617504763516,888.612890990576,851.9990747021517,1.0
223.07,176.12280639719052,0.00011131245281838345,0.0,0.41371846574956617,0.3827116142752689,887.3914974917883,853.3671296232772,1.0000000005539604
223.07,176.15874706599996,-0.0017807775917000983,-76.40632269662056,0.4125121251441126,0.38386552629238907,886.1630167221535,854.731739043477,1.0000000011373669
223.07,176.19189938950802,5.634865043546597e-05,0.0,0.41130578453865907,0.3850235075445042,884.9273834764191,856.0929184215022,1.0000000023073639
223.07,176.22224861560852,2.419683075346256e-05,0.0,0.4100994439332055,0.38618557900204303,883.6845317574931,857.4506829507742,1.000000002279594
223.07,176.24977989215031,0.00035174269328625083,0.0,0.40889310332775197,0.387351762052354,882.4343947736596,858.8050480913621,1.0000000010027954
223.07,176.27447826095596,2.5206168773838725e-05,0.0,0.4076867627222984,0.3885220781940155,881.1769049205869,860.1560292139686,1.0000000016783535
223.07,176.29632865514952,-6.633216883601562e-05,77.63904773995867,0.40648042211684476,0.38969654884082666,879.911993767363,861.503641377253,1.0000000003416534
223.07,176.31531590697782,-1.6085861729516182e-06,-58.73265840914795,0.4052740815113912,0.39087519633367196,878.6395920566102,862.8479004714136,1.0000000015329569
223.07,176.33142473583982,9.532131657688296e-06,72.02657982341843,0.40406774090593767,0.392058042955153,877.3596296776832,864.1888220924267,1.0000000018827868
223.07,176.3446397345987,5.706454195387777e-07,-16.58573931529294,0.4028614003004841,0.39324510817349584,876.0720356368064,865.5264184687918,1.0
223.07,176.35494542821039,1.8174423203163314e-08,33.620166288027725,0.40165505969503057,0.39443641969646515,874.776738126688,866.8607108179007,1.0000000002448743
223.07,176.36232619191918,1.8046615914499852e-08,0.0,0.400448719089577,0.39563200129825343,873.4736644029454,868.1917156759821,1.0000000007230008
223.07,176.36676621406323,1.717260705845547e-07,0.0,0.39924237848412336,0.3968318226267556,872.1627407188261,869.5193897126463,1.0000000002040816
223.07,176.36824983008108,-1.0684132575988769e-11,0.0,0.39803603787866987,0.39803603787866987,870.8438927825747,870.8438927825747,1.0
