P [bar],x_CO2 [-],y_CO2 [-],gamma_Parachor [mN/m],gamma_WSD [mN/m],mixcorr_WSD
18.123985873840972,0.999,0.9873416126988229,8.993793450768552,8.999869431866465,0.999
18.39616057385005,0.9980010010010011,0.9751159401692593,8.946680879400896,8.958753742733355,0.9980010010010011
18.66738422509387,0.9970020020020021,0.9632875050240796,8.89977361538972,8.91777437776778,0.9970020020020021
18.93767555868698,0.996003003003003,0.9518355274619584,8.853067791898424,8.876931045067742,0.996003003003003
19.20705164316484,0.995004004004004,0.9407408418707208,8.806559832202222,8.836223371367444,0.995004004004004
19.475528061372046,0.9940050050050051,0.9299857282604103,8.760246424777124,8.795650920119062,0.9940050050050051
19.74311906668068,0.9930060060060061,0.9195537652853175,8.714124500496425,8.75521320630564,0.9930060060060061
20.009837721255487,0.9920070070070071,0.9094297016774727,8.668191211792612,8.714909708561482,0.9920070070070071
20.27569601852357,0.991008008008008,0.8995993434301642,8.622443913654662,8.674739879079928,0.991008008008008
20.540704991879135,0.990009009009009,0.8900494544960924,8.576880146310982,8.634703151693339,0.990009009009009
20.804874811249604,0.9890100100100101,0.8807676691173297,8.531497619462085,8.594798948445517,0.9890100100100101
21.06821486903624,0.9880110110110111,0.8717424141965301,8.486294197929872,8.555026684918394,0.9880110110110111
21.330733856674815,0.987012012012012,0.8629628403621081,8.441267888593613,8.515385774526488,0.987012012012012
21.592439832968743,0.986013013013013,0.8544187605825694,8.396416828501478,8.475875631959843,0.986013013013013
21.853340285126528,0.9850140140140141,0.8461005953548186,8.3517392740453,8.436495675920558,0.9850140140140141
22.1134421833476,0.9840150150150151,0.8379993236331854,8.307233591103534,8.397245331276476,0.9840150150150151
22.37275202974017,0.9830160160160161,0.8301064387852446,8.262898246060095,8.358124030732515,0.9830160160160161
22.631275902156055,0.982017017017017,0.8224139089612352,8.218731797618204,8.319131216103887,0.982017017017017
22.889019493572906,0.981018018018018,0.814914141348684,8.174732889335221,8.28026633926183,0.981018018018018
23.14598814747263,0.9800190190190191,0.8075999498561187,8.130900242809961,8.24152886280917,0.9800190190190191
23.402186889673096,0.9790200200200201,0.8004645258306594,8.087232651465632,8.202918260536311,0.9790200200200201
23.657620457015277,0.9780210210210211,0.7935014114666641,8.043728974866799,8.164434017695196,0.9780210210210211
23.912293588567145,0.977022022022022,0.7867044756068624,8.000388106762001,8.126075620263892,0.977022022022022
24.16621002390579,0.976023023023023,0.7800678916756043,7.957209073768417,8.087842597044453,0.976023023023023
24.419374012014675,0.9750240240240241,0.7735861175166235,7.914190880846836,8.049734458333262,0.9750240240240241
24.67178936890036,0.9740250250250251,0.7672538769355502,7.8713326043961604,8.011750735429443,0.9740250250250251
24.923459728239937,0.9730260260260261,0.7610661427720178,7.8286333650356275,7.973890970765205,0.9730260260260261
25.17438855704675,0.972027027027027,0.7550181213467327,7.7860923242599025,7.936154717640443,0.972027027027027
25.424579169833134,0.9710280280280281,0.7491052381474954,7.74370868137048,7.898541539922669,0.9710280280280281
25.67403474150097,0.9700290290290291,0.7433231246333888,7.701481670658872,7.861051011722016,0.9700290290290291
25.922758319043506,0.9690300300300301,0.7376676060505278,7.659410558817696,7.8236827170479835,0.9690300300300301
26.170752038195815,0.968031031031031,0.7321346901643917,7.617494721755337,7.786436279377178,0.968031031031031
26.418020215888216,0.967032032032032,0.7267205568242935,7.575733334837201,7.749311244837463,0.967032032032032
26.6645648660321,0.9660330330330331,0.7214215482848177,7.5341258192695095,7.712307251949111,0.9660330330330331
26.910388620716464,0.9650340340340341,0.7162341602167398,7.492671549442639,7.675423920748179,0.9650340340340341
27.15549402859295,0.9640350350350351,0.7111550333474439,7.451369922008849,7.6386608793747195,0.9640350350350351
27.39988356156819,0.963036036036036,0.7061809456766244,7.410220354308432,7.602017763721801,0.963036036036036
27.64355962091099,0.9620370370370371,0.7013088052188462,7.369222282917582,7.565494217092161,0.9620370370370371
27.886524542849752,0.9610380380380381,0.6965356432292054,7.32837516230828,7.529089889863913,0.9610380380380381
28.128780603653976,0.9600390390390391,0.6918586078727162,7.287678463612886,7.492804439167009,0.9600390390390391
28.370330024314715,0.9590400400400401,0.6872749583019476,7.247131673480075,7.4566375285692175,0.9590400400400401
28.611174974853697,0.958041041041041,0.6827820591104011,7.206734293018321,7.420588827773934,0.958041041041041
28.851317578197527,0.9570420420420421,0.678377375132851,7.16648583682088,7.384658012329923,0.9570420420420421
29.09075991380323,0.9560430430430431,0.6740584665657706,7.1263858320614535,7.34884476335196,0.9560430430430431
29.32950402095016,0.9550440440440441,0.6698229843840657,7.086433817657309,7.313148767253137,0.9550440440440441
29.567551901774337,0.9540450450450451,0.6656686660318861,7.046629343496713,7.277569715489704,0.9540450450450451
29.804905524025443,0.9530460460460461,0.6615933313679524,7.006971969718688,7.242107304315298,0.9530460460460461
30.041566823655263,0.9520470470470471,0.6575948788465095,6.967461266049548,7.206761234548398,0.9520470470470471
30.27753770714704,0.9510480480480481,0.6536712819178085,6.928096811185825,7.171531211349547,0.9510480480480481
30.512820053678546,0.9500490490490491,0.6498205856324683,6.8888781922214175,7.136416944009167,0.9500490490490491
30.747415717110925,0.94905005005005,0.6460409034357826,6.849805004116742,7.101418145745925,0.94905005005005
30.981326527831925,0.9480510510510511,0.6423304141390701,6.810876849204612,7.066534533514623,0.9480510510510511
31.21455429442129,0.9470520520520521,0.6386873590562863,6.772093336733479,7.031765827824209,0.9470520520520521
31.447100805232324,0.9460530530530531,0.6351100392949255,6.733454082438849,6.997111752563691,0.9460530530530531
31.678967829792658,0.9450540540540541,0.6315968131912054,6.69495870815025,6.9625720348385505,0.9450540540540541
31.910157120155066,0.9440550550550552,0.6281460938802289,6.656606841420334,6.928146404813814,0.9440550550550552
32.140670412099475,0.9430560560560561,0.624756346992614,6.6183981151831714,6.893834595566203,0.9430560560560561
32.37050942626239,0.9420570570570571,0.6214260884696157,6.580332167434924,6.859636342943597,0.9420570570570571
32.59967586918109,0.9410580580580581,0.6181538824894535,6.542408640935784,6.8255513854314565,0.9410580580580581
32.82817143424369,0.9400590590590591,0.6149383394980078,6.504627182934013,6.79157946402685,0.9400590590590591
33.05599780257976,0.9390600600600602,0.6117781143375749,6.466987444908584,6.75772032211899,0.9390600600600602
33.28315664387689,0.9380610610610611,0.6086719044679936,6.42948908232566,6.723973705374688,0.9380610610610611
33.50964961714805,0.9370620620620621,0.6056184482743154,6.392131754417304,6.6903393616320965,0.9370620620620621
33.735478371410146,0.9360630630630631,0.6026165234564752,6.354915123970506,6.656817040798133,0.9360630630630631
33.96064454635208,0.9350640640640641,0.5996649454957805,6.317838857131748,6.623406494752105,0.9350640640640641
34.18514977291661,0.9340650650650651,0.5967625661941258,6.280902623225211,6.590107477254469,0.9340650650650651
34.408995673861384,0.9330660660660661,0.593908272281671,6.244106094582255,6.556919743860259,0.9330660660660661
34.63218386427361,0.9320670670670671,0.5911009840892696,6.207448946381461,6.523843051836811,0.9320670670670671
34.85471595202449,0.9310680680680681,0.5883396542820005,6.170930856501377,6.490877160086532,0.9310680680680681
35.076593538221985,0.9300690690690692,0.5856232666504501,6.1345515053807045,6.4580218290731395,0.9300690690690692
35.297818217630955,0.9290700700700701,0.5829508349566472,6.098310575887289,6.425276820751722,0.9290700700700701
35.51839157900462,0.9280710710710711,0.5803214018318023,6.062207753198879,6.392641898503291,0.9280710710710711
35.73831520546342,0.9270720720720721,0.5777340377229121,6.026242724687367,6.360116827071797,0.9270720720720721
35.95759067480883,0.9260730730730731,0.5751878398857855,5.990415179813447,6.327701372505212,0.9260730730730731
36.176219559804316,0.9250740740740742,0.5726819314221141,5.954724810027303,6.295395302099456,0.9250740740740742
36.39420342846748,0.9240750750750751,0.5702154603581672,5.91917130867449,6.263198384345052,0.9240750750750751
36.611543844312415,0.9230760760760761,0.5677875987631418,5.883754370908459,6.2311103888766555,0.9230760760760761
36.828242366574216,0.9220770770770771,0.5653975419050212,5.848473693610501,6.19913108642591,0.9220770770770771
37.04430055044079,0.9210780780780782,0.5630445074421087,5.813328975312028,6.1672602487759285,0.9210780780780782
37.259719947236334,0.9200790790790792,0.5607277346485796,5.7783199161222205,6.135497648718126,0.9200790790790792
37.4745021046117,0.9190800800800801,0.5584464836720872,5.743446217662419,6.103843060012293,0.9190800800800801
37.68864856670634,0.9180810810810811,0.5562000348221998,5.70870758300146,6.072296257347433,0.9180810810810811
37.902160874301075,0.9170820820820821,0.553987687887855,5.674103716598612,6.040857016306,0.9170820820820821
38.11504056496873,0.9160830830830832,0.5518087614826475,5.639634324246725,6.00952511332885,0.9160830830830832
38.327289173197265,0.9150840840840841,0.5496625924165616,5.605299113020613,5.978300325682484,0.9150840840840841
38.53890823050874,0.9140850850850851,0.5475485350928405,5.571097791228904,5.947182431428141,0.9140850850850851
38.74989926556403,0.9130860860860861,0.545465960928875,5.537030068368743,5.916171209392416,0.9130860860860861
38.96026380426729,0.9120870870870871,0.5434142577999846,5.503095655082005,5.885266439138945,0.9120870870870871
39.17004762303143,0.9110880880880882,0.5413928295052538,5.469289956412109,5.854466666153931,0.9110880880880882
39.37916598035177,0.9100890890890891,0.5394010952527786,5.43562107991655,5.823774081913014,0.9100890890890891
39.58766250495815,0.9090900900900901,0.5374384891676482,5.402084641416714,5.793187289727608,0.9090900900900901
39.79553871712942,0.9080910910910911,0.5355044598160473,5.368680355301018,5.76270607174079,0.9080910910910911
40.002796134985665,0.9070920920920922,0.5335984697488612,5.335407936903696,5.7323302107074205,0.9070920920920922
40.209436274540494,0.9060930930930932,0.5317199950623424,5.3022671024751835,5.702059489973626,0.9060930930930932
40.41546064977592,0.9050940940940941,0.5298685249752622,5.269257569153089,5.671893693457052,0.9050940940940941
40.62087077267833,0.9040950950950951,0.5280435614219391,5.236379054936446,5.641832605628383,0.9040950950950951
40.825668153283985,0.9030960960960961,0.5262446186603358,5.203631278661497,5.611876011493945,0.9030960960960961
41.02985429976861,0.9020970970970972,0.5244712228946572,5.171013959973322,5.5820236965774885,0.9020970970970972
41.23343071840674,0.9010980980980982,0.5227229119117565,5.138526819311634,5.552275446906474,0.9010980980980982
41.43639891368568,0.9000990990990991,0.520999234730817,5.106169577882565,5.522631048994782,0.9000990990990991
41.63876038827617,0.8991001001001001,0.5192997512657341,5.073941957643957,5.49309028982961,0.8991001001001001
41.84051664310576,0.8981011011011012,0.5176240319995883,5.041843681283642,5.463652956856928,0.8981011011011012
42.041669177358145,0.8971021021021022,0.5159716576708239,5.009874472203799,5.434318837968765,0.8971021021021022
42.24221948850087,0.8961031031031031,0.5143422189705489,4.9780340545042,5.405087721490788,0.8961031031031031
42.442167081957265,0.8951041041041041,0.5127353162505168,4.946322347668588,5.3759594499060634,0.8951041041041041
42.641517310909684,0.8941051051051051,0.5111505592414338,4.914738699718871,5.346933708095297,0.8941051051051051
42.8402697917599,0.8931061061061062,0.5095875667810108,4.8832830202090065,5.318010336347237,0.8931061061061062
43.03842601485346,0.8921071071071072,0.5080459665514582,4.851955035926671,5.289189124620455,0.8921071071071072
43.23598746884275,0.8911081081081081,0.5065253948261373,4.8207544742921025,5.260469863254295,0.8911081081081081
43.43295564072443,0.8901091091091091,0.5050254962247729,4.789681063345115,5.231852342959329,0.8901091091091091
43.62933201583458,0.8891101101101102,0.5035459234770735,4.758734531735005,5.20333635480874,0.8891101101101102
43.82511807784405,0.8881111111111112,0.5020863371944074,4.727914608710174,5.174921690229752,0.8881111111111112
44.020315308767366,0.8871121121121122,0.5006464056490196,4.6972210241100685,5.146608140996314,0.8871121121121122
44.21492518895819,0.8861131131131131,0.49922580456087107,4.666653508354057,5.118395499220645,0.8861131131131131
44.408949197102615,0.8851141141141141,0.4978242168913632,4.636211792435474,5.090283557346903,0.8851141141141141
44.60238881022751,0.8841151151151152,0.49644133264405643,4.605895607911576,5.062272108143589,0.8841151151151152
44.79524550366431,0.8831161161161162,0.4950768486718967,4.57570468689856,5.034360944697667,0.8831161161161162
44.98752075108152,0.8821171171171172,0.4937304684907026,4.545638762062487,5.006549860407914,0.8821171171171172
45.17921602444896,0.8811181181181181,0.4924019020988404,4.515697566614143,4.978838648979215,0.8811181181181181
45.37033279403638,0.8801191191191192,0.4910908658026788,4.485880834302287,4.951227104416801,0.8801191191191192
45.560872528396025,0.8791201201201202,0.48979708204768935,4.456188299408518,4.923715021021033,0.8791201201201202
45.75083669436702,0.8781211211211212,0.48852027925491787,4.426619696741351,4.896302193382221,0.8781211211211212
45.94022675704045,0.8771221221221221,0.4872601916627634,4.39717476163198,4.868988416375864,0.8771221221221221
46.129044179759894,0.8761231231231231,0.4860165591737186,4.367853229928423,4.841773485157728,0.8761231231231231
46.317290424105735,0.8751241241241242,0.4847891272059133,4.3386548379921805,4.814657195159842,0.8751241241241242
46.50497371151155,0.8741251251251252,0.4835776465494135,4.309578653708068,4.787639163120098,0.8741251251251252
46.692082385218335,0.8731261261261262,0.48238187322689724,4.280625711509043,4.760719532186525,0.8731261261261262
46.878624279223835,0.8721271271271271,0.4812015683587819,4.251795118686512,4.733897929726722,0.8721271271271271
47.0646008493686,0.8711281281281281,0.4800364980324249,4.2230866134606,4.707174152196128,0.8711281281281281
47.25001354972896,0.8701291291291292,0.4788864331753647,4.19449993453737,4.680547996304831,0.8701291291291292
47.434863832596164,0.8691301301301302,0.4777511494324964,4.166034821105316,4.654019259014023,0.8691301301301302
47.61915314847648,0.8681311311311312,0.4766304270469037,4.137691012831482,4.627587737532694,0.8681311311311312
47.802882946046275,0.8671321321321321,0.47552405074438614,4.109468249860213,4.601253229314901,0.8671321321321321
47.98605467216127,0.8661331331331332,0.47443180962139975,4.081366272808524,4.575015532056405,0.8661331331331332
48.168669771831894,0.8651341341341342,0.4733534970363882,4.053384822764074,4.548874443692001,0.8651341341341342
48.35072968820177,0.8641351351351352,0.4722889105043791,4.025523641282402,4.522829762392753,0.8641351351351352
48.53223586253287,0.8631361361361362,0.47123785159464304,3.997782470385253,4.49688128656369,0.8631361361361362
48.71318973418069,0.8621371371371371,0.47020012583149107,3.9701610525574753,4.471028814841,0.8621371371371371
48.89359274059267,0.8611381381381382,0.469175542597827,3.942659130745328,4.445272146090018,0.8611381381381382
49.07344387683529,0.8601391391391392,0.4681639150417378,3.9152766928054192,4.419611144138247,0.8601391391391392
49.25275216031379,0.8591401401401402,0.4671650599855782,3.8880127228890378,4.394045407117555,0.8591401401401402
49.43151119540975,0.8581411411411412,0.4661787978378832,3.860867749425611,4.368574942214659,0.8581411411411412
49.60972509687253,0.8571421421421422,0.4652049525077001,3.8338412481888677,4.34319947795232,0.8571421421421422
49.787395292360316,0.8561431431431432,0.4642433513214331,3.8069329643916587,4.317918814306256,0.8561431431431432
49.96452320749815,0.8551441441441442,0.4632938249420722,3.7801426436967454,4.292732751469024,0.8551441441441442
50.14111026586426,0.8541451451451452,0.46235620729068705,3.7534700322149526,4.2676410898482935,0.8541451451451452
50.317157888964566,0.8531461461461461,0.4614303354701865,3.7269148765037996,4.242643630065235,0.8531461461461461
50.49266749621437,0.8521471471471472,0.46051604969119575,3.7004769235661965,4.217740172952986,0.8521471471471472
50.6676405049101,0.8511481481481482,0.4596131932000308,3.674155920849748,4.19293051955535,0.8511481481481482
50.84207833021534,0.8501491491491492,0.45872161220871255,3.647951616244347,4.168214471125066,0.8501491491491492
51.015982385146145,0.8491501501501502,0.45784115582683893,3.6218637580815347,4.143591829122715,0.8491501501501502
51.18935408053112,0.8481511511511511,0.4569716759954645,3.5958920951339826,4.119062395215529,0.8481511511511511
51.36219482500768,0.8471521521521522,0.45611302742273735,3.57003637661295,4.094625971275801,0.8471521521521522
51.53450602498705,0.8461531531531532,0.4552650675212813,3.544296352169034,4.070282359380264,0.8461531531531532
51.70628908463552,0.8451541541541542,0.4544276563473641,3.5186717718900558,4.046031361808631,0.8451541541541542
51.8775454058612,0.8441551551551552,0.4536006565416578,3.493162386299894,4.021872781042573,0.8441551551551552
52.04827638827997,0.8431561561561562,0.4527839332716225,3.467767946358565,3.997806419764986,0.8431561561561562
52.21848342919756,0.8421571571571572,0.45197735417548524,3.442488203460429,3.973832080858733,0.8421571571571572
52.38816647664614,0.8411581581581582,0.4511807893076572,3.4173230573148814,3.949949606488951,0.8411581581581582
52.55733141692015,0.8401591591591592,0.4503941110856646,3.3922718008829684,3.926158678547775,0.8401591591591592
52.72597500578881,0.8391601601601602,0.4496171942384853,3.36733466056145,3.902459225708456,0.8391601601601602
52.894100219760816,0.8381611611611612,0.44884991575620836,3.3425112270923627,3.878851008729796,0.8381611611611612
53.06170844431483,0.8371621621621622,0.4480921548411258,3.3178012540240056,3.8553338314808347,0.8371621621621622
53.22880106248944,0.8361631631631632,0.44734379285999765,3.2932044953342903,3.831907498026039,0.8361631631631632
53.39537945484338,0.8351641641641642,0.4466047132976769,3.2687207054303857,3.8085718126245847,0.8351641641641642
53.56144499945253,0.8341651651651653,0.4458748017118197,3.2443496391476043,3.7853265797298565,0.8341651651651653
53.726999071874495,0.8331661661661662,0.445153945688924,3.220091051748395,3.7621716039885893,0.8331661661661662
53.89204304512289,0.8321671671671672,0.4444420348013799,3.1959446989226623,3.7391066902407486,0.8321671671671672
54.05657828964945,0.8311681681681682,0.4437389605656919,3.171910336786338,3.7161316435187626,0.8311681681681682
54.22060617331603,0.8301691691691692,0.44304461640177906,3.147987721880813,3.693246269047082,0.8301691691691692
54.38412806137621,0.8291701701701703,0.44235889759326985,3.1241766111723814,3.6704503722418083,0.8291701701701703
54.54714531643752,0.8281711711711712,0.44168170124884537,3.1004767620525584,3.6477437587105292,0.8281711711711712
54.70965929845023,0.8271721721721722,0.44101292626460553,3.0768879323356586,3.6251262342514177,0.8271721721721722
54.87167136467661,0.8261731731731732,0.44035247328727617,3.053409880259821,3.602597604853425,0.8261731731731732
55.03318286966365,0.8251741741741743,0.43970024467846286,3.030042364485736,3.5801576766957064,0.8251741741741743
55.194195165222496,0.8241751751751752,0.43905614447972485,3.00678514409612,3.557806256147386,0.8241751751751752
55.35470960039965,0.8231761761761762,0.43842007837855695,2.9836379785953215,3.5355431497673915,0.8231761761761762
55.51472752145071,0.8221771771771772,0.43779195367521667,2.9606006279087236,3.5133681643041625,0.8221771771771772
55.67425027181814,0.8211781781781782,0.437171679250366,2.937672852382049,3.4912811066954634,0.8211781781781782
55.83327919210383,0.8201791791791793,0.4365591655335212,2.9148544127809255,3.469281784068236,0.8201791791791793
55.99181562004027,0.8191801801801802,0.43595432447228505,2.892145070290429,3.447370003738479,0.8191801801801802
56.1498608904668,0.8181811811811812,0.43535706950232156,2.8695445865145173,3.425545573211144,0.8181811811811812
56.30741497989564,0.8171821821821822,0.434767315518087,2.847052866108149,3.4038083384285773,0.8171821821821822
56.46448182554502,0.8161831831831833,0.434184978844301,2.824669397230215,3.3821580337622503,0.8161831831831833
56.62106322054416,0.8151841841841843,0.433609977207965,2.802393892947195,3.3605944538003016,0.8151841841841843
56.77715716389605,0.8141851851851852,0.43304222971127854,2.780226466989143,3.339117500916337,0.8141851851851852
56.93276658069994,0.8131861861861862,0.4324816568050752,2.758166713907072,3.31772693815721,0.8131861861861862
57.08789278795537,0.8121871871871872,0.4319281802629043,2.7362143977965623,3.2964225741575235,0.8121871871871872
57.24253709958993,0.8111881881881883,0.4313817231557407,2.7143692831674344,3.275204217740478,0.8111881881881883
57.39670082641843,0.8101891891891893,0.430842209827377,2.6926311349433165,3.2540716779178673,0.8101891891891893
57.55038527612281,0.8091901901901902,0.4303095658702888,2.670999718461149,3.2330247638902887,0.8091901901901902
57.70359175322867,0.8081911911911912,0.4297837181021301,2.6494747994701644,3.212063285047129,0.8081911911911912
57.85632155906819,0.8071921921921922,0.42926459454280175,2.628056144131738,3.191187050966783,0.8071921921921922
58.00857599175472,0.8061931931931933,0.4287521243920331,2.60674351901857,3.1703958714167357,0.8061931931931933
58.16035634615592,0.8051941941941942,0.42824623800749617,2.585536691114082,3.1496895563537772,0.8051941941941942
58.31166391386751,0.8041951951951952,0.4277468668834299,2.564435427811612,3.1290679159241246,0.8041951951951952
58.46249998317134,0.8031961961961962,0.4272539436297964,2.543439496914481,3.108530760463822,0.8031961961961962
58.61286583902094,0.8021971971971973,0.4267674019518821,2.5225486666345485,3.08807790049876,0.8021971971971973
58.76276276299915,0.8011981981981983,0.4262871766304082,2.5017627055921388,3.0677091467450444,0.8011981981981983
58.91219203330647,0.8001991991991992,0.42581320350204005,2.481081382814729,3.047424310109245,0.8001991991991992
59.06115492469942,0.7992002002002002,0.4253454194404742,2.460504467737719,3.027223201688855,0.7992002002002002
59.20965270849307,0.7982012012012012,0.4248837623378344,2.4400317302017323,3.007105632772205,0.7982012012012012
59.35768665251252,0.7972022022022023,0.4244281710865252,2.419662940453628,2.987071414839287,0.7972022022022023
59.50525802105956,0.7962032032032033,0.4239785855615562,2.399397869145481,2.9671203595619415,0.7962032032032033
59.65236807489751,0.7952042042042042,0.42353494660322927,2.379236287332827,2.947252278804012,0.7952042042042042
59.799018071195235,0.7942052052052052,0.42309719600022316,2.3591779664758104,2.9274669846222188,0.7942052052052052
59.94520926351528,0.7932062062062063,0.4226652764730684,2.339222678436976,2.907764289266214,0.7932062062062063
60.090942901773595,0.7922072072072073,0.42223913165799903,2.319370195481166,2.8881440051791967,0.7922072072072073
60.236220232204715,0.7912082082082083,0.4218187060911632,2.2996202902749823,2.8686059449984467,0.7912082082082083
60.38104249733414,0.7902092092092092,0.42140394519322105,2.2799727358854143,2.8491499215556195,0.7902092092092092
60.52541093593737,0.7892102102102102,0.42099479525422445,2.2604273057801603,2.8297757478776346,0.7892102102102102
60.66932678301071,0.7882112112112113,0.4205912034189257,2.240983773825987,2.8104832371868893,0.7882112112112113
60.81279126973854,0.7872122122122123,0.42019311767233436,2.2216419142883006,2.79127220290201,0.7872122122122123
60.95580562345552,0.7862132132132132,0.4198004868256464,2.202401501830413,2.7721424586384207,0.7862132132132132
61.09837106760794,0.7852142142142142,0.41941326050248845,2.183262311513032,2.7530938182090163,0.7852142142142142
61.24048913943451,0.7842152152152152,0.4190313891254265,2.1642240838090196,2.734126085784777,0.7842152152152152
61.382160447070184,0.7832162162162163,0.4186548239028285,2.1452866614051933,2.7152390943534472,0.7832162162162163
61.52338649425815,0.7822172172172173,0.41828351681599557,2.126449788421289,2.6964326493041573,0.7822172172172173
61.66416848876065,0.7812182182182182,0.4179174206065462,2.107713241474694,2.6777065652390406,0.7812182182182182
61.804507634285486,0.7802192192192192,0.41755648876417595,2.0890767975740054,2.65906065696049,0.7802192192192192
61.94440513045108,0.7792202202202203,0.4172006755145484,2.070540234118884,2.6404947394723015,0.7792202202202203
62.083862172758295,0.7782212212212213,0.4168499358075974,2.0521033288975663,2.622008627979852,0.7782212212212213
62.222879952543735,0.7772222222222223,0.416504225305961,2.03376586008727,2.6036021378914316,0.7772222222222223
62.361459656942024,0.7762232232232232,0.4161635003737898,2.015527606252606,2.585275084818776,0.7762232232232232
62.49960246885267,0.7752242242242242,0.4158277180656908,1.9973883463446018,2.567027284578015,0.7752242242242242
62.63730956690117,0.7742252252252253,0.4154968361159647,1.9793478596997245,2.5488585531905854,0.7742252252252253
62.77458212539041,0.7732262262262263,0.4151708129281488,1.9614059260388215,2.5307687068839795,0.7732262262262263
62.91142131427132,0.7722272272272273,0.4148496075645996,1.9435623254665004,2.51275756209307,0.7722272272272273
63.047828299097944,0.7712282282282282,0.4145331797365507,1.9258168384690455,2.494824935460513,0.7712282282282282
63.183804240988344,0.7702292292292293,0.4142214897941465,1.908169245914422,2.4769706438383157,0.7702292292292293
63.31935029657959,0.7692302302302303,0.41391449871689096,1.8906193290505717,2.459194504288512,0.7692302302302303
63.45446761798864,0.7682312312312313,0.41361216810418316,1.8731668695044648,2.441496334084356,0.7682312312312313
63.589157352768915,0.7672322322322322,0.4133144601660869,1.8558116492811128,2.4238759507114978,0.7672322322322322
63.72342064386803,0.7662332332332332,0.41302133771434346,1.838553450762097,2.406333171868953,0.7662332332332332
63.8572586295851,0.7652342342342343,0.41273276415352395,1.821392056704511,2.388867815470359,0.7652342342342343
63.99067244351856,0.7642352352352353,0.41244870347240215,1.804327250240393,2.3714796996453322,0.7642352352352353
64.12366321453172,0.7632362362362363,0.41216912023553914,1.7873588148744641,2.354168642740385,0.7632362362362363
64.25623206670683,0.7622372372372372,0.4118939795749497,1.7704865344836342,2.3369344633205267,0.7622372372372372
64.38838011928286,0.7612382382382383,0.4116232471821252,1.7537101933160175,2.3197769801704746,0.7612382382382383
64.52010848662734,0.7602392392392393,0.4113568893000605,1.73702957598898,2.302696012295926,0.7602392392392393
64.65141827817911,0.7592402402402403,0.41109487271554257,1.7204444674883734,2.2856913789250854,0.7592402402402403
64.78231059840306,0.7582412412412413,0.4108371647515523,1.7039546531674001,2.2687628995101927,0.7582412412412413
64.91278654673648,0.7572422422422422,0.4105837332599391,1.6875599187449972,2.251910393728785,0.7572422422422422
65.04284721754223,0.7562432432432433,0.4103345466141261,1.6712600503048198,2.235133681485417,0.7562432432432433
65.1724937000589,0.7552442442442443,0.41008957370202437,1.655054834293988,2.2184325829132727,0.7552442442442443
65.30172707834267,0.7542452452452453,0.40984878391915314,1.6389440575218326,2.2018069183757145,0.7542452452452453
65.43054843122145,0.7532462462462463,0.40961214716182376,1.6229275071584748,2.185256508468029,0.7532462462462463
65.55895883223761,0.7522472472472473,0.40937963382053366,1.6070049707336929,2.168781174019161,0.7522472472472473
65.68695934959258,0.7512482482482483,0.4091512147734559,1.5911762361358355,2.1523807360936473,0.7512482482482483
65.8145510460931,0.7502492492492493,0.4089268613801522,1.5754410916100974,2.136055015993224,0.7502492492492493
65.94173497909311,0.7492502502502503,0.4087065454753132,1.5597993257577154,2.1198038352590176,0.7492502502502503
66.06851220043352,0.7482512512512512,0.4084902393627237,1.5442507275347002,2.1036270156734593,0.7482512512512512
66.19488375638798,0.7472522522522523,0.4082779158093294,1.5287950862502875,2.08752437926226,0.7472522522522523
66.32085068759795,0.7462532532532533,0.40806954803942175,1.5134321915661313,2.071495748296673,0.7462532532532533
66.44641402901445,0.7452542542542543,0.4078651097289646,1.4981618334948386,2.0555409452956295,0.7452542542542543
66.5715764982162,0.7442552552552553,0.4076645750000876,1.4829836053312122,2.039659731905341,0.7442552552552553
66.69633589563283,0.7432562562562562,0.40746791841556923,1.467897673648509,2.0238520475233157,0.7432562562562562
66.8206947870858,0.7422572572572573,0.4072751149736199,1.4529036490456553,2.008117659615234,0.7422572572572573
66.94465418531422,0.7412582582582583,0.4070861401026391,1.43800132278016,1.992456391662608,0.7412582582582583
67.0682143539114,0.7402592592592593,0.40690096965620476,1.4231905737145363,1.9768680948031374,0.7402592592592593
67.191377711203,0.7392602602602603,0.4067195799080169,1.4084710274654078,1.9613525409099377,0.7392602602602603
67.31414457142813,0.7382612612612613,0.4065419475471238,1.3938425560803895,1.9459095792165477,0.7382612612612613
67.4365159227085,0.7372622622622623,0.4063680496731766,1.3793049522056828,1.9305390342641064,0.7372622622622623
67.55849274693935,0.7362632632632633,0.40619786379175893,1.364858008818661,1.9152407308610637,0.7362632632632633
67.6800760197184,0.7352642642642643,0.4060313678099192,1.350501519225888,1.900014494085746,0.7352642642642643
67.80126671028272,0.7342652652652653,0.40586854003166417,1.3362352770615389,1.8848601492894033,0.7342652652652653
67.92206578141833,0.7332662662662663,0.4057093591537032,1.3220590762865236,1.8697775220992472,0.7332662662662663
68.04247418939357,0.7322672672672673,0.40555380426120147,1.3079727111864912,1.8547664384214528,0.7322672672672673
68.16249288388723,0.7312682682682683,0.40540185482362323,1.2939759763703043,1.839826724444383,0.7312682682682683
68.2821228078919,0.7302692692692693,0.40525349069077227,1.2800686667692653,1.8249582066419723,0.7302692692692693
68.40136489764888,0.7292702702702704,0.4051086920887331,1.266250577635525,1.8101607117773104,0.7292702702702704
68.5202200825533,0.7282712712712713,0.4049674396161138,1.2525215045407687,1.7954340669060267,0.7282712712712713
68.63868928507087,0.7272722722722723,0.4048297142403173,1.2388812433754215,1.7807780993800935,0.7272722722722723
68.75677342065515,0.7262732732732733,0.4046954972937689,1.2253295903469434,1.7661926368516518,0.7262732732732733
68.87447339764717,0.7252742742742743,0.40456477047036693,1.2118663419798612,1.751677507277306,0.7252742742742743
68.99179011718465,0.7242752752752754,0.40443751582203014,1.1984912951143682,1.7372325389220318,0.7242752752752754
69.10872447311431,0.7232762762762763,0.4043137157552303,1.1852042469053603,1.72285756036356,0.7232762762762763
69.22527735187913,0.7222772772772773,0.40419335302767484,1.1720049948226903,1.7085524004971409,0.7222772772772773
69.34145528969303,0.7212782782782783,0.4040764107451747,1.1588926534690587,1.6943166597760204,0.7212782782782783
69.45724836013143,0.7202792792792793,0.4039628723580226,1.1458683238211882,1.6801506030908078,0.7202792792792793
69.57266261336062,0.7192802802802803,0.4038527216585287,1.132931178839319,1.6660538516255963,0.7192802802802803
69.68769890915398,0.7182812812812813,0.4037459427775781,1.120081016745059,1.6520262353990105,0.7182812812812813
69.80235809966085,0.7172822822822823,0.40364252018182845,1.1073176360328334,1.6380675847555302,0.7172822822822823
69.91664102933078,0.7162832832832833,0.4035424386707474,1.0946408354663966,1.6241777303697569,0.7162832832832833
70.03054853480344,0.7152842842842844,0.40344568337395903,1.0820504140768252,1.6103565032509257,0.7152842842842844
70.14408144480997,0.7142852852852853,0.40335223974836176,1.0695461711600063,1.5966037347478745,0.7142852852852853
70.25724058007667,0.7132862862862863,0.40326209357552406,1.057127906273929,1.5829192565537948,0.7132862862862863
70.37002675322125,0.7122872872872873,0.4031752309591048,1.0447954192360942,1.5693029007112107,0.7122872872872873
70.48244076863718,0.7112882882882883,0.4030916383223379,1.0325485101215517,1.5557544996173551,0.7112882882882883
70.59448342239253,0.7102892892892894,0.40301130240551225,1.0203869792605027,1.5422738860297065,0.7102892892892894
70.706155528823,0.7092902902902903,0.4029342102636547,1.008310623954106,1.5288608919203164,0.7092902902902903
70.81745785320375,0.7082912912912913,0.4028603492641185,0.9963192467190435,1.5155153513627166,0.7082912912912913
70.92839115977023,0.7072922922922923,0.4027897070843604,0.9844126493900182,1.5022370984885127,0.7072922922922923
71.03895621097193,0.7062932932932934,0.4027222717097447,0.9725906331871697,1.4890259675117554,0.7062932932932934
71.14915376042005,0.7052942942942944,0.4026580314313425,0.9608529995644837,1.475881793032538,0.7052942942942944
71.25897613034395,0.7042952952952953,0.4025969748432549,0.94920059195864,1.4628047830993138,0.7042952952952953
71.36844008466883,0.7032962962962963,0.4025390908429227,0.9376312312768464,1.4497940654406005,0.7032962962962963
71.4775386676841,0.7022972972972973,0.4024843686258001,0.9261456686073373,1.4368498142979276,0.7022972972972973
71.5862725896226,0.7012982982982984,0.4024327976855543,0.9147437071873359,1.4239718662502703,0.7012982982982984
71.69464255066862,0.7002992992992993,0.40238436781171066,0.903425150549639,1.4111600583308628,0.7002992992992993
71.80264924076702,0.6993003003003003,0.4023390690878431,0.8921898025268116,1.3984142280380063,0.6993003003003003
71.91029333943297,0.6983013013013013,0.40229689188977985,0.881037467255742,1.3857342133464643,0.6983013013013013
72.01757551554677,0.6973023023023024,0.40225782688393735,0.869967949182681,1.373119852719243,0.6973023023023024
72.12449642715373,0.6963033033033034,0.40222186502560814,0.8589810530687749,1.3605709851201242,0.6963033033033034
72.2310827928511,0.6953043043043043,0.4021889975617477,0.8480733219268937,1.3480862347792846,0.6953043043043043
72.33728544737248,0.6943053053053053,0.40215921601303384,0.8372507880358205,1.3356677553779355,0.6943053053053053
72.4431289466353,0.6933063063063063,0.40213251219563073,0.8265102663427922,1.323314278160946,0.6933063063063063
72.54861391963267,0.6923073073073074,0.40210887820496294,0.8158515607936194,1.3110256432655631,0.6923073073073074
72.65374098459145,0.6913083083083084,0.4020883064178118,0.8052744755265513,1.2988016913222518,0.6913083083083084
72.75851074879216,0.6903093093093093,0.40207078949093866,0.7947788148721618,1.2866422634657086,0.6903093093093093
72.8629238083767,0.6893103103103103,0.4020563203597899,0.7843643833536323,1.274547201346328,0.6893103103103103
72.96698074815214,0.6883113113113114,0.4020448922371601,0.7740309856879519,1.2625163471425769,0.6883113113113114
73.07068214138388,0.6873123123123124,0.40203649861203566,0.7637784267870479,1.2505495435735023,0.6873123123123124
73.17402854958458,0.6863133133133134,0.4020311332483036,0.7536065117601333,1.2386466339124675,0.6863133133133134
73.27702052228925,0.6853143143143143,0.4020287901836554,0.743515045916313,1.2268074620011877,0.6853143143143143
73.37965859682663,0.6843153153153153,0.402029463728439,0.7335038347679339,1.2150318722646878,0.6843153153153153
73.4819432980712,0.6833163163163164,0.4020331484646176,0.7235726840350644,1.2033197097271138,0.6833163163163164
73.58387513820603,0.6823173173173174,0.402039839244676,0.7137213996497707,1.1916708200281785,0.6823173173173174
73.6854546164393,0.6813183183183184,0.402049531190682,0.7039497877629662,1.1800850494409763,0.6813183183183184
73.78668221874787,0.6803193193193193,0.4020622196932719,0.6942576547504219,1.1685622448903004,0.6803193193193193
73.8875584175813,0.6793203203203203,0.40207790041074165,0.6846448072208996,1.15710225397232,0.6793203203203203
73.9880836715601,0.6783213213213214,0.4020965692681796,0.6751110520251682,1.1457049249753026,0.6783213213213214
74.08825842517244,0.6773223223223224,0.40211822245653567,0.6656561962656703,1.134370106901494,0.6773223223223224
74.1880831084358,0.6763233233233233,0.4021428564316356,0.6562800473078723,1.1230976494905887,0.6763233233233233
74.28755813655367,0.6753243243243243,0.402170467914346,0.646982412793089,1.1118874032428632,0.6753243243243243
74.38663051336432,0.6743253253253254,0.40220105383136406,0.637769921473971,1.1007420396550562,0.6743253253253254
74.48540283090331,0.6733263263263264,0.40223461153118156,0.6286293299113527,1.0896560310026164,0.6733263263263264
74.58395720899306,0.6723273273273274,0.40227113859037306,0.619549953831542,1.078624801825836,0.6723273273273274
74.68204405707084,0.6713283283283283,0.4023106325736275,0.6105636064231128,1.0676615426255927,0.6713283283283283
74.77978370763806,0.6703293293293293,0.402353091606843,0.60165473629593,1.056759721368222,0.6703293293293293
74.87717653377949,0.6693303303303304,0.4023985139817893,0.5928231459984019,1.0459191900526232,0.6693303303303304
74.9742228954382,0.6683313313313314,0.4024468982498958,0.5840686379058772,1.0351398013227715,0.6683313313313314
75.07092313926057,0.6673323323323324,0.40249824322186056,0.5753910142041756,1.0244214084782017,0.6673323323323324
75.16721598004634,0.6663333333333333,0.40255254793770595,0.566798021886092,1.0137673013137907,0.6663333333333333
75.26321878626493,0.6653343343343344,0.40260981177666844,0.5582743752672883,1.003170831907136,0.6653343343343344
75.35887583410006,0.6643353353353354,0.4026700343001617,0.5498270960576284,0.9926349607369904,0.6643353353353354
75.45418736021033,0.6633363363363364,0.4027332153505378,0.541455992625307,0.9821595476657705,0.6633363363363364
75.54915358241081,0.6623373373373374,0.4027993550270542,0.5331608736590625,0.9717444536282678,0.6623373373373374
75.6437746991258,0.6613383383383383,0.4028684536855469,0.5249415481937768,0.9613895406749311,0.6613383383383383
75.73815983663546,0.6603393393393394,0.4029405120429625,0.5167837425679344,0.951088361360465,0.6603393393393394
75.83210197695823,0.6593403403403404,0.40301553078172403,0.5087140433751569,0.9408527364088803,0.6593403403403404
75.92570049637,0.6583413413413414,0.40309351111134173,0.5007194366681952,0.9306768183668029,0.6583413413413414
76.01895560010158,0.6573423423423423,0.40317445441176253,0.4927997217200774,0.9205604677228009,0.6573423423423423
76.1118674783518,0.6563433433433433,0.40325836231828316,0.48495469740119945,0.9105035457533243,0.6563433433433433
76.20443630614315,0.6553443443443444,0.40334523672133116,0.4771841621557339,0.9005059145357784,0.6553443443443444
76.29666224313677,0.6543453453453454,0.40343507976634335,0.469487913979395,0.8905674369625626,0.6543453453453454
76.3885454334852,0.6533463463463464,0.403527893853659,0.461865750394489,0.8806879767544652,0.6533463463463464
76.48008600565667,0.6523473473473473,0.40362368163844803,0.45431746842589976,0.8708673984749778,0.6523473473473473
76.57128407227441,0.6513483483483484,0.4037224460306249,0.4468428645756197,0.8611055675445554,0.6513483483483484
76.66213972994709,0.6503493493493494,0.403824190194935,0.4394417347967913,0.8514023502549766,0.6503493493493494
76.75265305909896,0.6493503503503504,0.4039289175509305,0.43211387446739147,0.8417576137843292,0.6493503503503504
76.84282412380776,0.6483513513513514,0.4040366317730064,0.4248590783627219,0.8321712262119457,0.6483513513513514
76.93265297162195,0.6473523523523523,0.4041473367906086,0.41767714062800165,0.82264305653375,0.6473523523523523
77.02213963340434,0.6463533533533534,0.40426103678827563,0.4105678547493389,0.8131729746777688,0.6463533533533534
77.11128412314639,0.6453543543543544,0.40437773620593936,0.4035310135249645,0.8037608515199679,0.6453543543543544
77.20008643779727,0.6443553553553554,0.4044974397391163,0.39656640903546253,0.7944065589005057,0.6443553553553554
77.28854655709304,0.6433563563563564,0.40462015233911636,0.38967383261314786,0.7851099696401854,0.6433563563563564
77.37666444336698,0.6423573573573574,0.404745879213587,0.382853074811337,0.7758709575570754,0.6423573573573574
77.46444004137665,0.6413583583583584,0.4048746258267014,0.376103925372696,0.7666893974839154,0.6413583583583584
77.55187327811106,0.6403593593593594,0.4050063978996921,0.3694261731974197,0.7575651652856723,0.6403593593593594
77.63896406261036,0.6393603603603604,0.40514120141136983,0.3628196063102919,0.7484981378773132,0.6393603603603604
77.72571228576203,0.6383613613613613,0.4052790425986808,0.3562840118283055,0.7394881932425752,0.6383613613613613
77.812117295507,0.6373623623623624,0.4054199279572489,0.3498192442244507,0.7305352461982473,0.6373623623623624
77.89817990023566,0.6363633633633634,0.4055638642423209,0.3434249644093608,0.7216391121899592,0.6363633633633634
77.98389948904216,0.6353643643643644,0.4057108584692837,0.33710101467501613,0.7127997027344667,0.6353643643643644
78.06909373703763,0.6343653653653654,0.4058609173494237,0.33087065303699553,0.7040294657491152,0.6343653653653654
78.15410711617737,0.6333663663663665,0.4060140494052507,0.3246892034948022,0.6953045951612961,0.6333663663663665
78.23877486763998,0.6323673673673674,0.40617026198253936,0.31857767750557464,0.6866362571915245,0.6323673673673674
78.32309655763616,0.6313683683683684,0.4063295631378923,0.3125358772844963,0.6780243539418237,0.6313683683683684
78.4073476965903,0.6303693693693694,0.40649196260314613,0.30652825042140747,0.6694492650705212,0.6303693693693694
78.49100506724102,0.6293703703703704,0.40665746649690354,0.30062163458513896,0.660947745391255,0.6293703703703704
78.57431721458346,0.6283713713713714,0.4068260848099065,0.29478387299542613,0.6525021895620001,0.6283713713713714
78.65728483514714,0.6273723723723724,0.40699782667786794,0.2890146085005195,0.6441124149298016,0.6273723723723724
78.73990711978516,0.6263733733733734,0.4071727015077368,0.28331367484438225,0.6357783474410504,0.6263733733733734
78.8221837069594,0.6253743743743744,0.40735071897960023,0.2776808436842763,0.627499880585093,0.6253743743743744
78.9041142138763,0.6243753753753755,0.4075318890486702,0.2721158852309048,0.619276909211086,0.6243753753753755
78.98569823616,0.6233763763763764,0.40771622194712287,0.266618568212608,0.6111093295576662,0.6233763763763764
79.0669353474728,0.6223773773773774,0.40790372818658105,0.26118865984156403,0.602997039284359,0.6223773773773774
79.14782509912908,0.6213783783783784,0.4080944185602976,0.2558259257809339,0.5949399375055658,0.6213783783783784
79.22836701965694,0.6203793793793794,0.40828830414576855,0.2505301301144968,0.5869379248271523,0.6203793793793794
79.30856061431189,0.6193803803803805,0.4084853963074348,0.24530103531904082,0.5789909033864773,0.6193803803803805
79.38840536457828,0.6183813813813814,0.40868570669955895,0.24013840223782867,0.5710987768949471,0.6183813813813814
79.4679007275805,0.6173823823823824,0.4088892472692997,0.23504199005913956,0.5632614506856398,0.6173823823823824
79.5470461354646,0.6163833833833834,0.4090960302599687,0.230011556297052,0.5554788317646597,0.6163833833833834
79.62584099470435,0.6153843843843844,0.40930606821456617,0.22504685677659608,0.5477508288676216,0.6153843843843844
79.70428468534388,0.6143853853853855,0.4095193739793928,0.22014764562332984,0.5400773525219519,0.6143853853853855
79.78237656015628,0.6133863863863864,0.4097359607080286,0.21531367525785244,0.5324583151153037,0.6133863863863864
79.86011594371764,0.6123873873873874,0.40995584186536566,0.2105446963957471,0.5248936309712552,0.6123873873873874
79.9375021313958,0.6113883883883884,0.41017903123215826,0.20584045805285817,0.5173832164321455,0.6113883883883884
80.0145343882309,0.6103893893893895,0.4104055429094075,0.20120070755707814,0.5099269899511429,0.6103893893893895
80.09121194769352,0.6093903903903904,0.4106353913233879,0.19662519056692493,0.5025248721933608,0.6093903903903904
80.16755336443813,0.6083913913913914,0.4108685912456641,0.19211124688573933,0.49517517040725634,0.6083913913913914
80.24352244154119,0.6073923923923924,0.4111051577450253,0.18766302135629387,0.4878807496768019,0.6073923923923924
80.31913485750636,0.6063933933933934,0.4113451062662982,0.18327819336066825,0.48064016481411015,0.6063933933933934
80.39438978416017,0.6053943943943945,0.41158845259137383,0.1789564933914096,0.473453338933094,0.6053943943943945
80.46928636392352,0.6043953953953954,0.4118352128559081,0.1746976494333013,0.46632019699324445,0.6043953953953954
80.54382370881751,0.6033963963963964,0.41208540355587264,0.170501386935743,0.4592406658577807,0.6033963963963964
80.61800089937152,0.6023973973973974,0.4123390415543122,0.1663674287893079,0.45221467435809737,0.6023973973973974
80.691816983436,0.6013983983983985,0.4125961440886055,0.16229549530564566,0.4452421533640182,0.6013983983983985
80.76527097491281,0.6003993993993995,0.41285672877774293,0.1582853041990049,0.43832303585962273,0.6003993993993995
80.83836185242765,0.5994004004004004,0.41312081363019726,0.15433657056505304,0.4314572570211853,0.5994004004004004
80.91108855802307,0.5984014014014014,0.4133884170518286,0.15044900684756726,0.424644754291007,0.5984014014014014
80.98344999608858,0.5974024024024024,0.41365955785426467,0.14662232276643639,0.41788546742621596,0.5974024024024024
81.0554450331554,0.5964034034034035,0.4139342552635241,0.14285622513261167,0.41117933846401844,0.5964034034034035
81.12707250101036,0.5954044044044045,0.4142125289287995,0.1391504172661451,0.40452631137751105,0.5954044044044045
81.19833121557554,0.5944054054054054,0.4144943989317496,0.1355045965650606,0.3979263302615608,0.5944054054054054
81.26923242693964,0.5934064064064064,0.4147798858202929,0.1319169974894255,0.39137818734852214,0.5934064064064064
81.33971190226407,0.5924074074074074,0.4150515099490982,0.12843369057720083,0.38493886417927065,0.5924074074074074
81.40986327511797,0.5914084084084085,0.41534401389874365,0.12496531695514293,0.3784977606313378,0.5914084084084085
81.4796414193848,0.5904094094094094,0.41564021673982826,0.12155555587584249,0.37210936654392707,0.5904094094094094
81.5490699928271,0.5894104104104104,0.4159584284396111,0.11816209947683078,0.36571834165565303,0.5894104104104104
81.61809184931346,0.5884114114114114,0.41626232365209037,0.11486935020255709,0.35943530460709944,0.5884114114114114
81.68672279735176,0.5874124124124125,0.41655059254772714,0.11167624311171574,0.35326197738088033,0.5874124124124125
81.75499353330727,0.5864134134134135,0.41685879094189243,0.10850461766077887,0.34709326267177026,0.5864134134134135
81.82288215328747,0.5854144144144144,0.41717555015336705,0.10537898566584222,0.34096237983301725,0.5854144144144144
81.89039769410435,0.5844154154154154,0.4175156447643847,0.10227097873304682,0.3348283391014171,0.5844154154154154
81.95740173893269,0.5834164164164164,0.417838531901374,0.09927584923890286,0.32881933593151924,0.5834164164164164
82.02415141660691,0.5824174174174175,0.41816529573358874,0.09632232800610156,0.32285003443542487,0.5824174174174175
82.09060184921567,0.5814184184184185,0.4184701224913829,0.09346385470700029,0.31699670542105207,0.5814184184184185
82.15655039115876,0.5804194194194194,0.41883055577621314,0.09057511345662245,0.3110622905797598,0.5804194194194194
82.22213709158953,0.5794204204204204,0.4191412807790467,0.08783781627166212,0.3053266320199943,0.5794204204204204
82.28731688596461,0.5784214214214215,0.41947894534937075,0.08511419477079298,0.2995812573261119,0.5784214214214215
82.3521450003539,0.5774224224224225,0.41985819020916626,0.08237255059903745,0.2937795587451596,0.5774224224224225
82.41649186136283,0.5764234234234235,0.42017472867267736,0.07981212379588985,0.28822264522769653,0.5764234234234235
82.48048263013138,0.5754244244244244,0.4205290284314807,0.07724069253666123,0.2826207501132834,0.5754244244244244
82.54407267575608,0.5744254254254254,0.42088768412270905,0.07472177066162827,0.27707033346564564,0.5744254254254254
82.60692112266939,0.5734264264264265,0.42128511411665914,0.0722324092648254,0.2715139277564279,0.5734264264264265
82.67004125173932,0.5724274274274275,0.4216161075250552,0.06984353738137651,0.2661297082505756,0.5724274274274275
82.73244554415443,0.5714284284284284,0.422023483853417,0.06742088413257073,0.26063625833909737,0.5714284284284284
82.79437807845707,0.5704294294294294,0.42235685929005334,0.06517946091698563,0.25540977420447053,0.5704294294294294