Temperature_[K],Pressure_[bar],Surface_Tension_[mN/m],Interfacial_Thickness_[Å],x_CO2,y_CO2,liquid_density_[kg/m3],vapor_density_[kg/m3],Enrichment_CH4_[-]
250.0,18.05553630532421,8.822419732141467,9.307151382294776,0.9989201901102926,0.9882973908012029,1041.9202361002713,45.93174744024038,1.8395775679489499
250.0,18.297989523682297,8.77702603096597,9.334903745682494,0.9978403802205854,0.9769157282754435,1040.7126194625132,46.24469097797978,1.8341465649399575
250.0,18.540033496590183,8.731815680290108,9.362944391386065,0.9967605703308781,0.9658422900324648,1039.5051095741396,46.55812554861079,1.8287420221731487
250.0,18.781667949078678,8.686787965962,9.390850719161989,0.9956807604411708,0.9550650118630698,1038.2977052381716,46.872052724396035,1.823363943899599
250.0,19.022892654688732,8.641942172012724,9.418628245286683,0.9946009505514635,0.9445724461369088,1037.0904052707351,47.186474062854714,1.8180123263247792
250.0,19.263707432119922,8.597277581214538,9.446282322487248,0.9935211406617562,0.9343537232848704,1035.8832084998492,47.50139111347447,1.812687158252949
250.0,19.50411214226283,8.552793475227869,9.474622369069692,0.9924413307720489,0.9243985161052408,1034.6761137643282,47.81680542358033,1.8073884218233698
250.0,19.744106685397252,8.50848913483932,9.502903347010239,0.9913615208823416,0.9146970066574355,1033.4691199127608,48.13271854343501,1.802116093156121
250.0,19.983690998584255,8.464363840422825,9.53105684812009,0.9902817109926343,0.9052398555291964,1032.2622258025476,48.44913203068797,1.7968701427909144
250.0,20.222865053312482,8.42041687231087,9.559182292465266,0.989201901102927,0.8960181732829549,1031.0554302990358,48.766047454244834,1.7916505360330208
250.0,20.461628853268326,8.37664751102636,9.587598913577928,0.9881220912132197,0.8870234939048455,1029.8487322746926,49.08346639762266,1.7864572331884465
250.0,20.699982432294412,8.33305507920866,9.616481903308426,0.9870422813235125,0.8782477500958773,1028.6421306083453,49.40139046186688,1.78129022560196
250.0,20.937925852495358,8.289638764496992,9.645239200957022,0.9859624714338051,0.8696832502591286,1027.4356241844814,49.71982126806907,1.7761493907092327
250.0,21.17545920247704,8.24639789859843,9.673875966272034,0.9848826615440979,0.8613226570498725,1026.2292118925825,50.03876045954964,1.7710347122718173
250.0,21.412582595699355,8.203331762372502,9.702397180873028,0.9838028516543905,0.8531589673671708,1025.0228926265097,50.35820970372876,1.7659461330073485
250.0,21.649296168982236,8.160439636714749,9.731443809766539,0.9827230417646833,0.8451854936761093,1023.8166652839393,50.67817069374312,1.7608835918361112
250.0,21.885600081041904,8.117720803149284,9.76058736977447,0.9816432318749759,0.8373958465593774,1022.6105287658099,50.998645149821414,1.7558470241059514
250.0,22.12149451123014,8.075174544544314,9.789611521354168,0.9805634219852687,0.8297839184055289,1021.4044819758357,51.31963482046646,1.7508363618417335
250.0,22.35697965827562,8.032800144145632,9.81852115801469,0.9794836120955613,0.822343868149126,1020.1985238200315,51.641141483451776,1.7458515337981504
250.0,22.592055739130227,7.990596884177439,9.847479693894194,0.9784038022058541,0.8150701069850269,1018.9926532062664,51.96316694666318,1.7408924726439974
250.0,22.826722987945974,7.94856405313805,9.87701325688235,0.9773239923161468,0.8079572849855808,1017.7868690438637,52.28571304881291,1.73595908274418
250.0,23.06098165501341,7.90670094377964,9.906428539123304,0.9762441824264395,0.8010002785552771,1016.5811702431939,52.60878166001911,1.7310512946570904
250.0,23.294832005888225,7.865006845001176,9.935837944077335,0.9751643725367322,0.7941941786627835,1015.3755557153244,52.93237468230051,1.7261690253003759
250.0,23.52827432048321,7.823481046495125,9.965274374259751,0.9740845626470249,0.7875342797950976,1014.1700243716664,53.25649404996311,1.7213121890895229
250.0,23.761308892280013,7.7821228384989585,9.995151965628436,0.9730047527573176,0.7810160695830046,1012.9645751236566,53.58114172992575,1.7164806980922802
250.0,23.993936027540045,7.740931509602173,10.025205885914687,0.9719249428676102,0.7746352190509788,1011.7592068824453,53.906319721959875,1.7116744621101634
250.0,24.226156044596284,7.699906350037342,10.055147566174782,0.970845132977903,0.7683875734484561,1010.5539185586056,54.23203005888991,1.706893388741388
250.0,24.45796927321136,7.659046651234447,10.084981589819238,0.9697653230881956,0.7622691436225874,1009.3487090618684,54.55827480672795,1.7021373835428726
250.0,24.689376053898336,7.618351709144789,10.114832278625386,0.9686855131984884,0.7562760978958345,1008.1435773008543,54.88505606477108,1.6974063502033765
250.0,24.920376737369224,7.577820825177915,10.145285100360603,0.967605703308781,0.7504047544144286,1006.9385221828309,55.212375965665224,1.6927001907490191
250.0,25.150971683958172,7.537453307078832,10.175626655078203,0.9665258934190738,0.7446515739363391,1005.7335426134765,55.540236675431345,1.6880188057160475
250.0,25.38116126311548,7.497248467082977,10.205861467458654,0.9654460835293665,0.7390131530297488,1004.5286374966643,55.868640393469086,1.6833620942685574
250.0,25.61094585290842,7.457205619837686,10.235993947831517,0.9643662736396592,0.73348621765518,1003.3238057342467,56.19758935254092,1.678729954261303
250.0,25.840325839534998,7.417324081061534,10.26657149160144,0.9632864637499519,0.7280676171063898,1002.1190462258464,56.52708581872857,1.6741247774330241
250.0,26.069301616953016,7.377603167012628,10.297513774053236,0.9622066538602446,0.7227543182869575,1000.9143578686887,56.857132091388316,1.6695800834925114
250.0,26.297873586396204,7.338042195043851,10.328414058199094,0.9611268439705373,0.717543400301236,999.7097395573882,57.187730503082655,1.665059281062955
250.0,26.52604215604104,7.298640484329649,10.35921286312503,0.96004703408083,0.7124320493397113,998.5051901837962,57.518883419510445,1.6605622602294174
250.0,26.753807740608156,7.259397356437665,10.390089012803664,0.9589672241911227,0.7074175538404197,997.3007086368211,57.85059323942516,1.656088910271172
250.0,26.981170761029645,7.220312135408232,10.421500989641643,0.9578874143014154,0.7024972999092353,996.0962938022719,58.18286239454977,1.6516391197276965
250.0,27.20813164413497,7.181384148078247,10.4528080575327,0.9568076044117081,0.697668766983088,994.8919445627054,58.5156933494921,1.647212776480109
250.0,27.434690822328104,7.142612626147848,10.484005640630272,0.9557277945220009,0.6929295237213122,993.687659797273,58.849088601651566,1.642805912460711
250.0,27.660848733291402,7.103997130080178,10.515106184401668,0.9546479846322935,0.6882772241112515,992.4834383815856,59.183050681133615,1.6384267707556055
250.0,27.886605819729045,7.065536836630848,10.546817040970303,0.9535681747425863,0.6837096037753285,991.2792791875676,59.517582150656544,1.6340707615007173
250.0,28.11196252909243,7.027231114444285,10.578524209676026,0.9524883648528789,0.679224476467498,990.0751810833336,59.85268560546711,1.629737771944573
250.0,28.336919313330576,6.989079308294516,10.610131515369524,0.9514085549631717,0.6748197307479725,988.8711429330518,60.18836367325739,1.6254276867939461
250.0,28.56147662866965,6.951080764634302,10.641883259049756,0.9503287450734643,0.6704933268257062,987.6671635968279,60.524619014077885,1.621140390560633
250.0,28.785634935256468,6.9132348333218365,10.67397929949491,0.9492489351837571,0.6662432935597677,986.4632419305312,60.86145432000852,1.6168757675730867
250.0,29.009394697425364,6.8755408661026465,10.706374732929426,0.9481691252940497,0.6620677256053971,985.2593767858821,61.19887231611002,1.612633702002893
250.0,29.23275638279587,6.83799821901289,10.738671021194094,0.9470893154043425,0.6579647807090288,984.0555670100371,61.536875758828984,1.6084140778976503
250.0,29.45572046254434,6.800606112876777,10.770872208448381,0.9460095055146351,0.6539326771270825,982.8518114456804,61.87546743697843,1.6042167755077004
250.0,29.678287411110997,6.763364166486785,10.803109770317853,0.9449296956249278,0.6499696911740505,981.6481089308667,62.21465017134616,1.6000416865097213
250.0,29.90045770602867,6.7262716234793425,10.835918576643863,0.9438498857352206,0.646074154887776,980.4444582989241,62.5544268147495,1.5958886907718275
250.0,30.122231827745512,6.689327852360824,10.868629245042996,0.9427700758455132,0.6422444538061033,979.2408583783409,62.8948002519289,1.5917576722188995
250.0,30.34361025948368,6.652532225267188,10.901245841069027,0.941690265955806,0.6384790248488152,978.0373079926834,63.23577339950943,1.5876485148337884
250.0,30.56459348707691,6.615884117581424,10.933772342879372,0.9406104560660986,0.6347763542992202,976.8338059604839,63.5773492060165,1.5835611026931826
250.0,30.785181998848245,6.579382908263263,10.967160425796983,0.9395306461763914,0.6311349758797777,975.6303510951583,63.919530651804195,1.579495319997345
250.0,31.00537628544763,6.543027979578612,11.000579187431867,0.938450836286684,0.6275534689168869,974.4269422049114,64.26232074907348,1.5754510510957649
250.0,31.225176839742733,6.506818716967464,11.033904453327864,0.9373710263969768,0.6240304565899716,973.223578092642,64.60572254183668,1.5714501885643863
250.0,31.444584156683682,6.470754591288944,11.067140147344743,0.9362912165072694,0.6205646042604293,972.0202575558615,64.94973910593382,1.5674868786780318
250.0,31.66359873318657,6.434834822973162,11.10075224277336,0.9352114066175622,0.6171546178762455,970.8169793866005,65.29437354902967,1.5635442503378738
250.0,31.882221068037005,6.399058892704689,11.134588602792789,0.9341315967278548,0.6137992424482848,969.6137423713343,65.63962901062831,1.5596221977586995
250.0,32.10045166174538,6.363426198643309,11.168332569887049,0.9330517868381476,0.6104972605945929,968.4105452908799,65.98550866208444,1.555720607937741
250.0,32.31829101647623,6.327936142234863,11.201988056626307,0.9319719769484403,0.6072474911491416,967.2073869203365,66.3320157066379,1.5518393682614726
250.0,32.53573963593364,6.292588128444509,11.235844098615347,0.930892167058733,0.6040487878318,966.0042660289844,66.67915337944471,1.547978366528254
250.0,32.752798025266976,6.257381565512817,11.270312273412124,0.9298123571690257,0.6009000379763343,964.8011813802125,67.02692494759997,1.544137490980194
250.0,32.96946669098444,6.2223158654771415,11.304782201216646,0.9287325472793184,0.5978001613135944,963.5981317314441,67.37533371021401,1.5403166303296367
250.0,33.185746140852046,6.1873904439882,11.339164153452252,0.9276527373896111,0.5947481088070629,962.3951158340494,67.72438299842784,1.5365156737739958
250.0,33.40163688382305,6.152604720500947,11.37360310742256,0.9265729274999038,0.5917428615381828,961.1921324332696,68.07407617550355,1.5327345109889794
250.0,33.61713942995578,6.117958117888242,11.408584947388256,0.9254931176101965,0.5887834296390333,959.9891802681448,68.4244166368709,1.528973032126365
250.0,33.83225429061845,6.083450060726964,11.443476215486236,0.9244133077204892,0.585868851272141,958.7862580715721,68.7754078112171,1.5252311278250374
250.0,34.046981977246254,6.049079981494728,11.478280777563334,0.9233334978307819,0.5829981916425008,957.5833645696782,69.12705315656005,1.5215086891730725
250.0,34.26132300303027,6.014847311397722,11.513032641164273,0.9222536879410747,0.5801705420711886,956.3804984825657,69.47935616627018,1.5178056077948971
250.0,34.475277881651444,5.980751288221151,11.548438627621465,0.9211738780513673,0.57738501908726,955.1776585236995,69.83232036524726,1.5141217739423558
250.0,34.68884712755963,5.946791749697707,11.584071701308098,0.9200940681616601,0.5746407635666502,953.9748433999608,70.18594931098256,1.5104570835431805
250.0,34.90203125585221,5.9129679384920575,11.61961859495235,0.9190142582719527,0.571936939904272,952.7720518115766,70.54024659366,1.5068114283418474
250.0,35.114830782246216,5.879279301149917,11.655083076698354,0.9179344483822454,0.5692727352196421,951.5692824520515,70.89521583627196,1.5031970226623892
250.0,35.32724622299172,5.845725287624072,11.691180770922943,0.9168546384925381,0.5666473585944471,950.3665340080813,71.25086069472067,1.4996262351104506
250.0,35.539278094834465,5.812305351359583,11.727237521392631,0.9157748286028309,0.5640600403405778,949.1638051594896,71.60718485794483,1.4960736494791833
250.0,35.75092691495493,5.779018949273208,11.76320959055196,0.9146950187131235,0.5615100312972394,947.9610945791613,71.96419204804837,1.4925391645466337
250.0,35.9621932008975,5.745865541610812,11.799100743332831,0.9136152088234162,0.5589966021557656,946.7584009329526,72.32188602041903,1.4890226796993666
250.0,36.1730774705299,5.71284459228209,11.835579035967449,0.9125353989337089,0.5565190428109192,945.555722879636,72.68027056387886,1.485524094939139
250.0,36.38358024200447,5.679955568385139,11.872327232020773,0.9114555890440016,0.5540766617374325,944.353059070815,73.03934950081548,1.4820433108847297
250.0,36.59370203365445,5.647197940584402,11.909056372602976,0.9103757791542944,0.5516687853906651,943.1504081508605,73.39912668732812,1.478580228771089
250.0,36.80344336403295,5.614571182590582,11.945705179773142,0.909295969264587,0.5492947576303536,941.9477687568384,73.75960601339116,1.4751347504514776
250.0,37.01280475176722,5.582074771375425,11.982926924407082,0.9082161593748798,0.5469539391663357,940.7451395184289,74.12079140299647,1.4717067783880078
250.0,37.22178671558864,5.549708187210598,12.020166227393396,0.9071363494851724,0.5446457070253311,939.5425190578653,74.4826868143228,1.4682962156597696
250.0,37.430389774242045,5.5174709133874,12.05732322504381,0.9060565395954652,0.5423694540378647,938.3399059898558,74.84529623990326,1.464902965956077
250.0,37.63861444647878,5.485362436568899,12.094401666997179,0.9049767297057578,0.5401245883444212,937.1372989215143,75.2086237068004,1.461526933584141
250.0,37.846461250959415,5.4533822468966475,12.132082872998808,0.9038969198160506,0.5379105329199918,935.9346964522798,75.57267327676745,1.4581680234762056
250.0,38.05393070626952,5.421529837861679,12.170092478603602,0.9028171099263432,0.5357267251162895,934.7320971738578,75.9374490464524,1.4548261411901766
250.0,38.261023330844715,5.389804706517414,12.208020492405678,0.901737300036636,0.5335726162207675,933.5294996701367,76.30295514756823,1.4515011929146464
250.0,38.467739642951784,5.358206353405428,12.24587065416214,0.9006574901469286,0.5314476710318086,932.326902517118,76.66919574708861,1.4482263621737688
250.0,38.67408016060926,5.326734282420104,12.284364355485069,0.8995776802572214,0.5293513674493828,931.1243042828428,77.03617504744447,1.4449701680231086
250.0,38.88004540160887,5.2953880513854585,12.32280281341093,0.898497870367514,0.5272831960804811,929.9217035273275,77.40389728672413,1.441730117482105
250.0,39.08563588342793,5.2641670711360256,12.361161861982033,0.8974180604778068,0.5252426598587794,928.7190988024722,77.77236673887634,1.438506110932574
250.0,39.29085212321058,5.233070811815385,12.399594129115577,0.8963382505880995,0.523229273677867,927.5164886520006,78.14158771391912,1.4352950767091888
250.0,39.49569463774413,5.20209895212839,12.43866075003168,0.8952584406983922,0.5212425640375286,926.3138716113865,78.5115645581582,1.4321042097867664
250.0,39.70016394339517,5.171250944265493,12.477867293012416,0.8941786308086849,0.519282068702515,925.1112462077666,78.88230165439347,1.4289291690042585
250.0,39.904260556099935,5.140526443318244,12.516995345904313,0.8930988209189776,0.51734733637332,923.9086109598848,79.25380342215865,1.4257698704205455
250.0,40.10798499131843,5.109924735334462,12.556339318052494,0.8920190110292703,0.5154379263684409,922.7059643779985,79.62607431793153,1.42262622727907
250.0,40.31133776399702,5.0794454540820695,12.596058330126922,0.8909392011395629,0.5135534083176782,921.5033049638139,79.99911883536875,1.419498157944826
250.0,40.51431938855477,5.049088130087717,12.635697208541828,0.8898593912498557,0.5116933618660429,920.3006312104089,80.37294150554713,1.4163855794111782
250.0,40.71693037882932,5.018852295965909,12.675259755634897,0.8887795813601485,0.5098573763878239,919.097941602157,80.74754689720086,1.4132884090826603
250.0,40.91917124804213,4.988737492342632,12.715301996496471,0.8876997714704411,0.5080450507103973,917.8952346146463,81.12293961695082,1.4102065645819168
250.0,41.12104250879772,4.958743272987985,12.75581519403854,0.8866199615807338,0.5062559928474827,916.692508714606,81.49912430957292,1.4071399641573894
250.0,41.32254467300728,4.928869192151453,12.796249379834059,0.8855401516910265,0.504489819741317,915.4897623598297,81.87610565823198,1.4041198094221377
250.0,41.52367825189442,4.899114796633601,12.836608383192626,0.8844603418013192,0.502746157013574,914.2869939990933,82.25388838474281,1.40111654844604
250.0,41.72444375596575,4.869479634542053,12.87753209823807,0.8833805319116119,0.5010246387245564,913.0842020720887,82.63247724983896,1.398127785351549
250.0,41.92484169493526,4.839963258397004,12.918479667173536,0.8823007220219046,0.4993249071403959,911.8813850093209,83.01187705341256,1.3951534458055144
250.0,42.12487257775031,4.810565194669873,12.959350961139378,0.8812209121321973,0.49764661250796105,910.6785412320547,83.39209263480642,1.3921934577389456
250.0,42.32453691252321,4.781285066639634,13.00046371007202,0.88014110224249,0.49598941283714987,909.4756691522183,83.77312887306647,1.3892477448211435
250.0,42.52383520652443,4.752122409586728,13.042297383761486,0.8790612923527827,0.49435297369031234,908.2727671723264,84.1549906872243,1.3863162355518412
250.0,42.7227679661379,4.7230767911100955,13.084052356899988,0.8779814824630754,0.4927369679785033,907.0698336854059,84.53768303657287,1.3833988578070773
250.0,42.921335696838796,4.694147782546702,13.125732528052438,0.8769016725733682,0.49114107576434635,905.8668670749012,84.9212109209507,1.3804955399938275
250.0,43.11953890315823,4.665334956128229,13.16771590030406,0.8758218626836608,0.4895649840712296,904.6638657146003,85.30557938102042,1.3776062113039458
250.0,43.317378088678566,4.636637858920684,13.209986698451736,0.8747420527939536,0.4880083866986081,903.4608279685606,85.69079349857302,1.3747308025227853
250.0,43.51485375597313,4.60805609464849,13.252197763091885,0.8736622429042462,0.48647098404321026,902.2577521910052,86.07685839680593,1.3718692416245715
250.0,43.711966406591905,4.579589266763604,13.294700426896668,0.872582433014539,0.48495248292586907,901.0546367262519,86.46377924062514,1.369050024676901
250.0,43.908716541026756,4.551236947782449,13.337791185053526,0.8715026231248316,0.48345259642384797,899.8514799086262,86.85156123694729,1.3662475085124361
250.0,44.105104658711774,4.52299864987527,13.380881399909349,0.8704228132351244,0.4819710437084009,898.6482800623784,87.24020963500236,1.3634581398786632
250.0,44.30113125794344,4.494874098218642,13.423897713608717,0.869343003345417,0.4805075498874199,897.4450355015913,87.62972972663822,1.3606818571676351
250.0,44.49679683590859,4.466862829244921,13.467085727709645,0.8682631934557097,0.4790618458529572,896.2417445301005,88.02012684664304,1.3579185964144311
250.0,44.692101888612655,4.4389644384911335,13.5106943458497,0.8671833835660024,0.4776336681334494,895.0384054413997,88.41140637304096,1.355168295424333
250.0,44.88704691087127,4.4111785243502455,13.554547740499316,0.8661035736762952,0.47622275875049636,893.8350165185557,88.80357372742469,1.352430892517141
250.0,45.08163239628919,4.383504689077425,13.598398848324564,0.8650237637865879,0.47482886508001454,892.6315760341283,89.19663437527888,1.3497063264920375
250.0,45.275858837206734,4.355942518187416,13.642770170658586,0.8639439538968805,0.4734517397176266,891.4280822500599,89.5905938262907,1.346994536184312
250.0,45.46972672471799,4.328491654881828,13.687210391086168,0.8628641440071733,0.472091140348093,890.2245334176132,89.98545763469801,1.3442954626135533
250.0,45.663236548585,4.30115169617362,13.731578496121166,0.861784334117466,0.4707468296187189,889.0209277772509,90.3812313996021,1.3416096696522073
250.0,45.856388797249345,4.2739222565273565,13.776115040440402,0.8607045242277587,0.4694185750165492,887.817263558566,90.77792076531829,1.3389663973383277
250.0,46.04918395779789,4.246802953718466,13.821411180814202,0.8596247143380513,0.4681061487491917,886.6135389801777,91.17553142170432,1.3363351799463579
250.0,46.24162251592554,4.219793408867101,13.866696759763059,0.8585449044483441,0.46680932762923644,885.4097522496439,91.57406910451202,1.3337159638058125
250.0,46.43370495591879,4.192893225838587,13.911912214220322,0.8574650945586368,0.46552789296204355,884.2059015633636,91.9735395957253,1.331108697378948
250.0,46.625431760621446,4.166102077075151,13.957706553892166,0.8563852846689295,0.46426163043686586,883.001985106484,92.37394872391539,1.3285133248108163
250.0,46.81680341140166,4.13941956526518,14.00351287113967,0.8553054747792221,0.4630103300211352,881.7980010528013,92.77530236458776,1.3259297949636797
250.0,47.00782038812972,4.112845320749541,14.049283319206237,0.8542256648895149,0.4617737858578437,880.593947564664,93.17760644053536,1.3233580557881202
250.0,47.1984831691549,4.086378977793452,14.09571651830096,0.8531458549998076,0.4605517961659006,879.3898227928847,93.58086692220975,1.3207980557651788
250.0,47.38879223127276,4.060020346607526,14.142449872617469,0.8520660451101003,0.45934416314336485,878.1856248766298,93.98508982807525,1.3182514690931038
250.0,47.57874804968074,4.033768730567386,14.189109108645802,0.850986235220393,0.4581506928734505,876.9813519433234,94.39028122496967,1.3157153443597944
250.0,47.76835109799355,4.007623935027192,14.235839425425247,0.8499064253306857,0.45697119523324387,875.7770021085552,94.79644722848634,1.3132184164926561
250.0,47.957601848156976,3.9815856051545384,14.28309554102723,0.8488266154409784,0.45580548380498104,874.5725734759666,95.20359400332751,1.3107340317673923
250.0,48.14650077046074,3.9556533891354926,14.33045914667887,0.8477468055512711,0.4546533757899008,873.3680641371561,95.61172776369814,1.308260717809416
250.0,48.33504833349712,3.929826971681478,14.377979671586047,0.8466669956615638,0.45351469192446037,872.1634721715786,96.02085477367542,1.3057983160652444
250.0,48.52324500412837,3.9041059418924844,14.4261030201299,0.8455871857718565,0.4523892563989535,870.9587956464343,96.43098134758364,1.3033471713428666
250.0,48.71109124746628,3.878489985026151,14.474224577003781,0.8445073758821492,0.4512768967783929,869.7540326165683,96.84211385039104,1.3009069730112242
250.0,48.89858752682671,3.85297875921868,14.522277725861024,0.843427565992442,0.4501774439255922,868.5491811243675,97.25425869809246,1.2984776791795836
250.0,49.085734303715675,3.8275719251553353,14.570745999536284,0.8423477561027346,0.4490907319263761,867.344239199644,97.66742235809103,1.296059248302082
250.0,49.272532037804275,3.802269146306105,14.619818542148572,0.8412679462130274,0.44801659801686616,866.1392048595425,98.08161134961279,1.2936516391698716
250.0,49.458981186871455,3.777070088658886,14.668821251419281,0.84018813632332,0.44695488251276577,864.9340761084148,98.49683224407887,1.2912745713582656
250.0,49.64508220679455,3.7519744208523247,14.718070959085537,0.8391083264336128,0.44590542874056766,863.7288509377184,98.91309166551888,1.288915836507968
250.0,49.83083555152297,3.726981814078397,14.767672620392753,0.8380285165439054,0.444868082970642,862.5235273259107,99.3303962909734,1.2865673502537738
250.0,50.0162416730281,3.7020919422732694,14.817205853601088,0.8369487066541981,0.4438426943521568,861.3181032383219,99.74875285089004,1.2842290772678466
250.0,50.201301021301596,3.677304466509273,14.867206112680499,0.8358688967644908,0.4428291148497278,860.1125766270637,100.16816812954953,1.2819009741915572
250.0,50.3860140442805,3.6526191239323094,14.917769878637174,0.8347890868747836,0.44182719918179814,858.9069454308883,100.58864896545285,1.279583022439667
250.0,50.57038118786655,3.6280352816717016,14.968263671178654,0.8337092769850762,0.44083680476064846,857.7012075750989,101.01020225175479,1.277275180091399
250.0,50.75440289585136,3.603553173148538,15.018775930169063,0.8326294670953689,0.439857791634032,856.4953609714149,101.4328349366699,1.2749774120322148
250.0,50.938079609910844,3.5791722104060084,15.06987428551627,0.8315496572056617,0.438890022428335,855.2894035178666,101.85655402389905,1.272695072319477
250.0,51.121411769557895,3.5548920829126556,15.121242522804607,0.8304698473159544,0.43793336229326146,854.0833330986636,102.28136657303847,1.270443796138462
250.0,51.30439981213182,3.530712481483147,15.172656828259178,0.8293900374262471,0.4369876788479692,852.8771475840945,102.70727970002812,1.2682020548745012
250.0,51.487044172722996,3.506633095198192,15.224728263527176,0.8283102275365397,0.43605284212860673,851.6708448303791,103.13430057754482,1.2659698199525682
250.0,51.669345284187045,3.4826533280767182,15.276730648289167,0.8272304176468325,0.4351287245372533,850.4644226795725,103.56243643546607,1.2637470635501915
250.0,51.85130357708536,3.4587734240832506,15.32866943336515,0.8261506077571251,0.43421520079214954,849.257878959426,103.99169456128078,1.2615337559981685
250.0,52.03291947964795,3.434993068558643,15.38165057268885,0.8250707978674179,0.43331214787926536,848.0512114832662,104.42208230053247,1.259329870869932
250.0,52.214193417762516,3.4113114560421782,15.434637626462212,0.8239909879777105,0.4324194450050628,846.8444180498707,104.85360705725279,1.2571353791299391
250.0,52.39512581490785,3.3877285815388634,15.487560081867187,0.8229111780880033,0.4315369735505297,845.6374964433364,105.28627629440206,1.2549575117439717
250.0,52.57571709214628,3.36424415150209,15.541116100796764,0.8218313681982959,0.43066461702635367,844.430444432959,105.72009753431463,1.252807094274811
250.0,52.75596766807608,3.3408577632336125,15.594719208291224,0.8207515583085887,0.42980226102926083,843.2232597730955,106.15507835913702,1.2506655634436157
250.0,52.93587795878358,3.3175693945997624,15.648664034702541,0.8196717484188814,0.4289497931994535,842.0159402030329,106.59122641127419,1.2485330826005823
250.0,53.11544837784335,3.2943784967214134,15.703200500598522,0.8185919385291741,0.428107103179141,840.8084834468668,107.02854939384751,1.2464088217724183
250.0,53.294679336242154,3.2712849335928307,15.757730634521721,0.8175121286394668,0.42727408257209404,839.600887213355,107.46705507113339,1.2442933495829107
250.0,53.473571242361665,3.2482884081398584,15.812198859670616,0.8164323187497595,0.42645062490425056,838.3931491957838,107.90675126902038,1.2421866442077973
250.0,53.652124501940015,3.2253885975838803,15.867628927117087,0.8153525088600522,0.42563662558527426,837.1852670718437,108.3476458754682,1.240089395699905
250.0,53.83033951802723,3.202584933319521,15.923166929368882,0.8142726989703449,0.42483198187108506,835.9772385034721,108.78974684095081,1.2380248420472633
250.0,54.008216690951066,3.179877852105755,15.978693736790383,0.8131928890806376,0.42403659282733575,834.769061136729,109.23306217892375,1.2359685808078513
250.0,54.185756418280455,3.157266560046107,16.034846293891853,0.8121130791909303,0.42325035929378724,833.5607326016507,109.67759996629239,1.233920589624493
250.0,54.36295909479238,3.134750899412376,16.09103795961755,0.811033269301223,0.4224731838495333,832.3522505121095,110.12336834385407,1.2318808538142094
250.0,54.53982511241257,3.1123306173717857,16.147682162111153,0.8099534594115156,0.42170497077913927,831.1436124656716,110.57037551678057,1.2298493568144713
250.0,54.716354860180616,3.090005315703703,16.20485434632807,0.8088736495218084,0.42094562603954394,829.9348160434371,111.01862975505519,1.2278260806079693
250.0,54.89254872423783,3.067774994501744,16.261963395111863,0.8077938396321012,0.42019505722783523,828.725858809918,111.46813939397535,1.2258139659168337
250.0,55.068407087740525,3.0456392588936807,16.319285446337815,0.8067140297423938,0.41945317354976475,827.5167383128664,111.91891283458564,1.223830857704712
250.0,55.24393033084676,3.0235978552300002,16.377444257551225,0.8056342198526865,0.4187198857890379,826.3074520831389,112.37095854416697,1.221855519970868
250.0,55.41911883068003,3.00165052944805,16.43558557327033,0.8045544099629792,0.4179951062773553,825.097997634541,112.8242850566952,1.2198879400906044
250.0,55.59397296126142,2.9797971305090276,16.4940917467953,0.803474600073272,0.4172787488651743,823.8883724636775,113.27890097332639,1.2179281030061597
250.0,55.76849309348948,2.9580371962267638,16.55285278018318,0.8023947901835646,0.4165707288931546,822.6785740497827,113.7348149628405,1.215976001259638
250.0,55.94267959507287,2.9363705642593843,16.611897701991538,0.8013149802938573,0.4158709631643133,821.4685998545835,114.19203576213748,1.2140316201679995
250.0,56.11653283051461,2.9147970109993624,16.671626637480635,0.80023517040415,0.4151793699168288,820.2584473221319,114.65057217670628,1.2121095326698923
250.0,56.29005316104509,2.8933162964501076,16.731431649585105,0.7991553605144427,0.41449586879749784,819.0481138786453,115.11043308109389,1.2102033412856072
250.0,56.46324094457947,2.871928175572088,16.79124424329295,0.7980755506247355,0.41382038083580114,817.8375969323439,115.57162741937482,1.2083044461762713
250.0,56.63609653568834,2.8506323885133544,16.851986222763344,0.7969957407350281,0.4131528284186167,816.6268938732923,116.03416420563242,1.2064128381879362
250.0,56.80862028551109,2.8294287434965457,16.912847342640916,0.7959159308453209,0.41249313526549924,815.4160020732221,116.49805252442087,1.2045285102741399
250.0,56.980812541771975,2.80831697483036,16.97394840836322,0.7948361209556135,0.4118412264045576,814.2049188853916,116.963301531275,1.2026514536073019
250.0,57.15267364865728,2.7872968487007723,17.035436864372336,0.7937563110659063,0.4111970281488801,812.9936416443774,117.42992045313035,1.2007931561546545
250.0,57.32420394683883,2.7663681332288674,17.097197855404012,0.7926765011761989,0.4105604680735133,811.7821676659435,117.89791858883945,1.1989527272027878
250.0,57.49540377335653,2.745530598783106,17.159624875074158,0.7915966912864917,0.40993147499299104,810.5704942468373,118.36730530962275,1.1971191682577251
250.0,57.66627346162103,2.7247840177191334,17.22218145231362,0.7905168813967843,0.40930997893937426,809.3586186646379,118.83809005956279,1.1952924750699006
250.0,57.83681334134519,2.7041281643340227,17.284774188364075,0.7894370715070771,0.40869591114078657,808.1465381775689,119.31028235606324,1.1934726434867207
250.0,58.007023738478274,2.6835628150608213,17.34837052121719,0.7883572616173697,0.4080892040004515,806.9342500243149,119.7838917903024,1.1916596694776374
250.0,58.1769049751734,2.663087748274874,17.412007452737946,0.7872774517276625,0.4074897910762232,805.7217514238572,120.25892802774867,1.1898694619246752
250.0,58.3464573697228,2.6427027443414155,17.47599067465793,0.7861976418379552,0.40689760706056644,804.5090395752743,120.73540080858398,1.1880915488531987
250.0,58.51568123651467,2.6224075855971973,17.54028303430738,0.7851178319482479,0.4063125877610129,803.2961116575706,121.21331994821213,1.186320114859212
250.0,58.68457688596315,2.602202056240869,17.605012627421473,0.7840380220585406,0.4057346700810311,802.0829648294799,121.69269533768626,1.1845551599132793
250.0,58.85314462447062,2.5820859426470943,17.670422710052208,0.7829582121688332,0.40516379200136765,800.8695962292851,122.17353694420997,1.1827966841146889
250.0,59.02138475435324,2.5620590333826727,17.735788367241184,0.781878402279126,0.40459989256178547,799.6560029746196,122.65585481157623,1.1810502306220927
250.0,59.18929757380285,2.542121046797892,17.801640074213978,0.7807985923894187,0.40404291184322016,798.4421821622838,123.13965906064436,1.1793256168558672
250.0,59.35688337681457,2.5222719245071312,17.86816754061737,0.7797187824997114,0.4034927909503204,797.2281308680385,123.62495988977648,1.177607122062617
250.0,59.52414245313108,2.5025113800922267,17.934638782620723,0.778638972610004,0.4029494719944322,796.0138461464168,124.1117675753256,1.1758947510831304
250.0,59.69107508818775,2.482839209809989,18.001787820485625,0.7775591627202968,0.4024128980768892,794.7993250305178,124.60009247205808,1.1741885081949104
250.0,59.85768156306028,2.463255212118927,18.069324081027396,0.7764793528305896,0.4018830132727386,793.5845645318133,125.08994501363199,1.1724898444636507
250.0,60.023962154374345,2.4437591876019105,18.137299721216472,0.7753995429408822,0.4013597626147882,792.3695616399324,125.58133571302493,1.1708162487394096
250.0,60.189917134274914,2.4243509388141176,18.205588336941204,0.7743197330511749,0.4008430920780174,791.154313322464,126.07427516298472,1.1691484409528279
250.0,60.35554677034713,2.405030270372053,18.274054153108857,0.7732399231614676,0.400332948564358,789.93881652474,126.56877403647108,1.1674864293334604
250.0,60.520851325560656,2.385796988452782,18.343528220884387,0.7721601132717604,0.39982927988776024,788.7230681696321,127.06484308709737,1.1658302223638446
250.0,60.685831058191134,2.366650900930116,18.412946115000352,0.771080303382053,0.3993320347596275,787.5070651573293,127.56249314955096,1.164182496266061
250.0,60.85048622176789,2.3475915555356903,18.482835540288768,0.7700004934923457,0.39884116277456255,786.290804365127,128.061735140035,1.162557723856508
250.0,61.01481706500642,2.32861930976724,18.553398179905223,0.7689206836026384,0.3983566143963918,785.074282647208,128.56258005668246,1.1609384286229616
250.0,61.17882383172609,2.309733695168338,18.624204873962213,0.7678408737129311,0.39787834094455626,783.8574968344132,129.06503897998064,1.1593246311904746
250.0,61.342506760804724,2.2909345153140035,18.695473684291564,0.7667610638232238,0.3974062945807347,782.6404437340283,129.56912307318765,1.1577163423311243
250.0,61.50586608607963,2.2722215289226533,18.767010209604848,0.7656812539335165,0.3969404282957927,781.4231201295448,130.07484358272686,1.1561219094692061
250.0,61.66890203631133,2.253594713311575,18.83947805110742,0.7646014440438093,0.39648069589699797,780.2055227804464,130.582211838612,1.154543834003801
250.0,61.831614835070894,2.2350537960990406,18.911900484628084,0.7635216341541019,0.39602705199552607,778.9876484219533,131.0912392548222,1.1529709664536203
250.0,61.99400470070936,2.2165985924933653,18.984983806810675,0.7624418242643947,0.39557945199421357,777.76949376481,131.6019373297056,1.151403323311883
250.0,62.156071846251635,2.1982289384605154,19.058623737550057,0.7613620143746873,0.39513785207559204,776.5510554950354,132.1143176463652,1.1498409219362387
250.0,62.31781647932448,2.1799446674430167,19.132526549743183,0.7602822044849801,0.3947022091901563,775.3323302736734,132.6283918730099,1.148301449505879
250.0,62.47923880210705,2.1617455644608357,19.20692399719151,0.7592023945952727,0.39427248104490686,774.1133147365729,133.1441717633687,1.1467680561983207
250.0,62.64033901121862,2.1436315153836554,19.28186444659091,0.7581225847055655,0.39384862609211996,772.8940054941137,133.66166915700862,1.1452396243832592
250.0,62.80111729765274,2.125602172344015,19.357400526786332,0.7570427748158581,0.39343060351835485,771.6743991309744,134.1808959797186,1.1437161732502543
250.0,62.96157384671494,2.10765768887254,19.43291896346286,0.7559629649261508,0.39301837323368966,770.4544922058756,134.7018642438434,1.1422096035479776
250.0,63.12170883790419,2.089797739226897,19.50965304003968,0.7548831550364435,0.39261189586120204,769.2342812513116,135.2245860486106,1.1407142680354385
250.0,63.2815224448657,2.0720221554374065,19.586378275588892,0.7538033451467363,0.3922111327266458,768.0137627733117,135.7490735804816,1.1392236470366508
250.0,63.44101483528353,2.054330787753061,19.663652811746942,0.752723535257029,0.39181604584836544,766.7929332511555,136.27533911345287,1.137737764063049
250.0,63.60018617082082,2.0367234710273965,19.741629208913984,0.7516437253673216,0.39142659792738926,765.5717891371311,136.80339500937396,1.136266254763718
250.0,63.7590366069898,2.019200048306283,19.820017839622736,0.7505639154776144,0.3910427523377767,764.350326856234,137.33325371822957,1.1348075888157954
250.0,63.917566293112856,2.0017603619042394,19.89870224677513,0.7494841055879071,0.39066447311711056,763.1285428059232,137.86492777844956,1.1333534092396342
250.0,64.0757753721971,1.9844042183717094,19.978248476126012,0.7484042956981998,0.39029172495722314,761.9064333558305,138.39842981716936,1.131903740033504
250.0,64.23366398086802,1.9671315217383794,20.058167503271157,0.7473244858084924,0.38992447319510487,760.6839948474852,138.93377255050964,1.1304690285263905
250.0,64.39123224925346,1.9499420985667892,20.138396038291148,0.7462446759187852,0.38956268380398934,759.4612235940219,139.47096878381416,1.1290456834082683
250.0,64.54848030092232,1.932835801480453,20.219589230738826,0.7451648660290779,0.3892063233846177,758.2381158799091,140.01003141189952,1.1276266112633224
250.0,64.70540825275123,1.9158124924609563,20.30094541072937,0.7440850561393706,0.38885535915671005,757.0146679606468,140.55097341929257,1.1262118385447506
250.0,64.862016214851,1.8988720376117862,20.383002759291166,0.7430052462496632,0.3885097589505644,755.7908760624648,141.09380788041364,1.1248152946889423
250.0,65.01830429048381,1.8820142998875082,20.46559966212734,0.741925436359956,0.38816949119887845,754.5667363820551,141.6385479598424,1.1234259553689192
250.0,65.17427257591024,1.865239099514863,20.548769743570936,0.7408456264702488,0.3878345249286615,753.342245086224,142.185206912412,1.1220406852442923
250.0,65.32992116035409,1.848546238023128,20.632339653589106,0.7397658165805414,0.38750482975341843,752.117398311626,142.73379808348275,1.1206626494362169
250.0,65.48525012584493,1.8319356720042463,20.716806271114017,0.7386860066908341,0.3871803758653509,750.8921921644308,143.2843349090135,1.1193021793741706
250.0,65.64025954714447,1.8154072518252602,20.801365889368654,0.7376061968011268,0.3868611340278562,749.666622720019,143.83683091577868,1.1179455614026448
250.0,65.79494949164294,1.798960768553094,20.887003497458927,0.7365263869114195,0.3865470755680542,748.4406860226643,144.39129972144582,1.1165928224962094
250.0,65.94932001921423,1.7825961326300208,20.972883794717518,0.7354465770217122,0.3862381723695397,747.2143780851912,144.94775503468034,1.115255448655447
250.0,66.10337118215524,1.766313228653066,21.05942410181433,0.7343667671320049,0.3859343968652534,745.9876948886803,145.50621065530024,1.113926626793124
250.0,66.2571030250448,1.750111925135794,21.146655332587684,0.7332869572422975,0.3856357220304589,744.7606323821125,146.06668047427104,1.1126014723746198
250.0,66.41051558463417,1.7339920885176368,21.234451886764546,0.7322071473525903,0.38534212137594226,743.5331864820383,146.62917847383702,1.1112856702093081
250.0,66.56360888973967,1.7179535876571688,21.32274407400795,0.731127337462883,0.3850535689412096,742.3053530722423,147.19371872749187,1.10998379200503
250.0,66.71638296111428,1.701996294130009,21.41187057526919,0.7300475275731757,0.38477003928798686,741.0771280033929,147.7603154000681,1.1086853780176105
250.0,66.86883781135015,1.686120082476853,21.501261027774607,0.7289677176834684,0.3844915074936775,739.8485070926996,148.32898274769414,1.1073925355455818
250.0,67.02097344472759,1.6703248290829253,21.591680696409774,0.7278879077937611,0.38421794914503776,738.6194861235427,148.89973511775793,1.1061167519068957
250.0,67.1727898571194,1.6546104122679572,21.68249874445738,0.7268080979040539,0.38394934033197864,737.3900608451341,149.47258694892795,1.1048442374622385
250.0,67.3242870358593,1.638976713055823,21.773945617472002,0.7257282880143465,0.3836856576414363,736.1602269721434,150.04755277104795,1.1035755285292785
250.0,67.47546495960154,1.623423833391632,21.866219726660432,0.7246484781246392,0.3834268781513813,734.9299801843174,150.62464720504673,1.1023249897772733
250.0,67.62632359821163,1.6079512350567253,21.95875663473828,0.7235686682349319,0.3831729794249486,733.6993161261282,151.2038849628684,1.10107754239235
250.0,67.7768629126291,1.5925589813794057,22.05248729916348,0.7224888583452247,0.3829239395046616,732.4682304063766,151.78528084732204,1.0998339435333437
250.0,67.92708285472445,1.5772469612433844,22.14638699303603,0.7214090484555173,0.38267973690675083,731.2367185978069,152.36884975190407,1.0986078313034606
250.0,68.07698336718173,1.5620150763319731,22.241363700619058,0.72032923856581,0.38244035061563914,730.004776236729,152.95460666068422,1.09738462717461
250.0,68.22656438334987,1.546863148165905,22.33674201837244,0.7192494286761028,0.38220576007843415,728.7723988226097,153.5425666480528,1.0961669245953511
250.0,68.3758258271116,1.5317912088807297,22.432911823167032,0.7181696187863955,0.38197594519959643,727.539581817677,154.1327448785161,1.0949644111857633
250.0,68.52476761273064,1.516799066137171,22.52984686382856,0.7170898088966882,0.38175088633566073,726.3063206465098,154.72515660643268,1.0937646398917833
250.0,68.67338964471884,1.5018866140534015,22.627277471392468,0.7160099990069808,0.3815305642900761,725.0726106956292,155.3198171757523,1.092573454289238
250.0,68.82169181768649,1.48705374684081,22.72571294794566,0.7149301891172736,0.38131496030811557,723.8384473130703,155.91674201968718,1.091393733623824
250.0,68.9696740161907,1.4723004534018644,22.824538557706155,0.7138503792275663,0.3811040560718896,722.6038258079654,156.51594666039222,1.090216594168455
250.0,69.11733611459829,1.4576264504394165,22.924402345192,0.712770569337859,0.3808978336954724,721.368741450117,157.11744670863314,1.0890523807068893
250.0,69.26467797690258,1.4430324813262985,23.02470543457209,0.7116907594481516,0.38069627572000997,720.1331894695367,157.7212578633056,1.0878946485306136
250.0,69.4116994566153,1.4285170582404458,23.125972708135805,0.7106109495584444,0.3804993651090846,718.8971650560355,158.32739591114958,1.086741112560004
250.0,69.55840039655358,1.4140793790152326,23.227933071201246,0.709531139668737,0.3803070852439678,717.6606633587419,158.93587672617215,1.0856024159297037
250.0,69.70478062872358,1.3997236176694916,23.330495736394838,0.7084513297790298,0.38011941991909287,716.4236794856633,159.54671626924218,1.084465959268712
250.0,69.85083997413308,1.3854442298528467,23.434126686259393,0.7073715198893225,0.37993635333754794,715.186208503214,160.15993058755842,1.0833405393563293
250.0,69.99657824264467,1.3713350825040327,23.53834692441297,0.7062917099996151,0.3797578701066484,713.9482454357543,160.77553581412803,1.0822200683319085
250.0,70.14199523277611,1.3571213748062108,23.643353938736027,0.7052119001099079,0.3795839552335593,712.7097852650946,161.3935481671345,1.0811088217658373
250.0,70.28709073157124,1.3430798397377068,23.74894454815719,0.7041320902202006,0.3794145941210614,711.47082293003,162.01398394941393,1.080008844230926
250.0,70.43186451438338,1.3291156060703218,23.855651583553957,0.7030522803304933,0.3792497725632842,710.2313533258304,162.63685954773626,1.0789111819129618
250.0,70.57631634473205,1.3152301202282208,23.96304534076655,0.7019724704407859,0.37908947674157983,708.9913713037564,163.26219143217182,1.0778253637961743
250.0,70.72044597410827,1.3014231209529958,24.07122226906749,0.7008926605510787,0.3789336932204558,707.7508716705476,163.8899961553984,1.0767449453304752
250.0,70.86425314179056,1.2876949193763028,24.18024285365285,0.6998128506613714,0.3787824089435194,706.5098491878944,164.52029035190213,1.07567344542952
250.0,71.00773757466465,1.2740479474002049,24.29022515290863,0.6987330407716641,0.3786356112295543,705.2682985719332,165.1530907372574,1.0746097289593484
250.0,71.1508989870362,1.2604702639899334,24.40071625646135,0.6976532308819567,0.37849328776859964,704.0262144927046,165.78841410727566,1.0735518322781317
250.0,71.29373708043985,1.2469754091293932,24.512530394671707,0.6965734209922495,0.37835542661811455,702.7835915736263,166.4262773371811,1.072504185080631
250.0,71.4362515434365,1.2335636230164286,24.624774024743935,0.6954936111025423,0.3782220161992053,701.5404243909297,167.0666973807034,1.071460706286329
250.0,71.57844205142476,1.2202181573891924,24.738154638427297,0.6944138012128349,0.3780930452928776,700.2967074731114,167.70969126915605,1.0704294218432184
250.0,71.72030826643802,1.2069602613962769,24.8522528106321,0.6933339913231276,0.37796850303637985,699.052435300373,168.35527611048607,1.069400631659387
250.0,71.86184983694181,1.193779047010876,24.967359449359222,0.6922541814334203,0.3778483789195682,697.8076023040433,169.00346908826907,1.068384793823184
250.0,72.00306639762155,1.1806676320660372,25.083257181607237,0.6911743715437131,0.37773266278133816,696.5622028659909,169.65428746065584,1.0673719903220897
250.0,72.14395756918222,1.1676387802980452,25.20026526708624,0.6900945616540057,0.37762134480611104,695.3162313180545,170.30774855934905,1.066370517626116
250.0,72.28452295811967,1.1546825901416162,25.31786143025023,0.6890147517642984,0.37751441552034787,694.0696819414051,170.96386978841284,1.06537364566213
250.0,72.4247621565292,1.1419465793518218,25.43628439476641,0.6879349418745911,0.3774118657891263,692.8225489659768,171.62266862319314,1.0643863539341523
250.0,72.56467474185295,1.1290242946872737,25.556279614188252,0.6868551319848839,0.37731368681276234,691.5748265698122,172.28416260906337,1.0634038414549882
250.0,73.12104997633386,1.0786098996948201,26.044483514553406,0.6825358924260547,0.37696451400952335,686.5779244875171,174.95744335285767,1.0595559319475099
250.0,73.25932262980643,1.06619786471652,26.16905043330565,0.6814560825363474,0.37688806831402294,685.3271657980509,175.63267863834008,1.0586126563527287
250.0,73.67216163650032,1.0294289765591553,26.54860211087017,0.6782166528672254,0.37668465423656,681.5711119921075,177.67526748645994,1.0558261804514717
250.0,73.80911316056348,1.0173240164138422,26.67695944365841,0.6771368429775182,0.3766254697623974,680.3178139418386,178.36181829188064,1.0549120135187389
250.0,73.94573298999869,1.0052909102096867,26.80634728833678,0.6760570330878108,0.3765705857702255,679.0638652543573,179.0512432644378,1.0540063995477045
250.0,74.08202052567978,0.9933365964878383,26.937014761341402,0.6749772231981035,0.376519996936571,677.8092594931621,179.7435606300144,1.0531080955619676
250.0,74.35359623120718,0.9696688353661224,27.20115230021502,0.672817603418689,0.3764316849370382,675.2980507021472,181.1369457053149,1.0513315398463268
250.0,74.89273177280023,0.9232125178066233,27.74386713218568,0.6684983638598598,0.3763064013104116,670.2674582580752,183.95923214182866,1.0478638359411683
250.0,75.02667496697538,0.9117923292797636,27.881674269445682,0.6674185539701525,0.3762857541842828,669.0080676084793,184.6723107857921,1.0470164053521196
250.0,75.1602804189773,0.9004708333517427,28.020540953385048,0.6663387440804451,0.3762693701110172,667.7479661619245,185.38842937696614,1.0461772358704085
250.0,75.29354736156776,0.8892112803670451,28.161960132480615,0.6652589341907379,0.3762572463460028,666.4871469119164,186.10760655043967,1.0453424190514182
250.0,75.55906254853167,0.8669066497018459,28.446430296875477,0.6630993144113233,0.3762457701243087,663.9633266370689,187.55521136239057,1.0436969839309571
250.0,78.51251677602504,0.6320400050493196,32.08629644246813,0.6382636869480555,0.37733606666085684,634.7114093890243,205.13610973812453,1.0268286850358561
250.0,79.25170971513803,0.5773041945939396,33.15084191325197,0.6317848276098117,0.3779915172176652,627.0040907082029,210.02189854968415,1.0230615045892313
250.0,80.21620031916272,0.5083844858267462,34.67865561084076,0.6231463484921533,0.3791066832666606,616.6722155690278,216.7420411444682,1.018388016709384
250.0,85.3389526980859,0.19810160636296634,45.636378246990674,0.5723952836759103,0.39142986397192775,554.3890819483894,261.4451237980809,1.0009815679765337
250.0,85.82166633137554,0.17424061711345454,46.952957746541145,0.5669962342273738,0.3933501516029598,547.5673055421092,266.7710953055332,1.0003546345027492
250.0,86.01092308218387,0.16516954547544319,47.4826988277938,0.5648366144479593,0.3941529108575264,544.8258930243405,268.9343655463144,1.000187783080883
250.0,86.10471227005307,0.16073415041388822,47.74794361215789,0.563756804558252,0.39456178740014813,543.4523835210362,270.0231190877187,1.0001234101075234
250.0,86.19793551914812,0.1563651684415736,48.01352977394299,0.5626769946685446,0.3949756872796571,542.0769771974395,271.1166428364735,1.0000721333240468
250.0,86.29058787063524,0.15206262715574492,48.27912323585132,0.5615971847788374,0.3953946299810003,540.699652689723,272.2149554651255,1.0000342901537829
250.0,86.38266428547387,0.1478268618562954,48.54484061788608,0.5605173748891301,0.39581863535107714,539.3203883307589,273.31807584278175,1.0000102093466836
250.0,86.47415964331739,0.143656280373984,48.81040413733921,0.5594375649994228,0.3962477236077727,537.9391621445342,274.42602304839147,1.0000002614340586
250.0,86.56506874131344,0.13955156467597837,49.07601307639317,0.5583577551097154,0.39668191534883745,536.5559518403448,275.53881638358797,1.0
250.0,86.65538629294578,0.13551192576595256,49.34138489475867,0.5572779452200082,0.39712123156146056,535.1707348069325,276.6564753866588,1.0
250.0,86.74510692681812,0.1315375418135319,49.6066169429861,0.5561981353303009,0.3975656936317757,533.7834881064333,277.7790198462767,1.0
250.0,86.83422518539712,0.12762747345767012,49.871376237453475,0.5551183254405936,0.3980153233546195,532.3941884681616,278.9064698155042,1.0
250.0,86.92273552381597,0.12378199460075703,50.13584887154843,0.5540385155508862,0.3984701429442176,531.0028122823916,280.03884562736073,1.0
250.0,87.01063230854653,0.12000047871376446,50.39976812306338,0.552958705661179,0.3989301750440805,529.6093355937908,281.17616790882835,1.0
250.0,87.0979098161528,0.1162837547613887,50.66329485019406,0.5518788957714718,0.3993954427384774,528.2137340949125,282.3184575974817,1.0
250.0,87.18456223190847,0.11262901985787221,50.92604227941548,0.5507990858817644,0.3998659695628603,526.8159831193032,283.46573595612074,1.0
250.0,87.27058364848841,0.1090400276452597,51.188187226745356,0.549719275992057,0.4003417795156872,525.4160576346483,284.6180245897342,1.0
250.0,87.35596806459792,0.1055092814056897,51.449415380099815,0.5486394661023498,0.4008228970702505,524.0139322356981,285.7753454623096,1.0
250.0,87.44070938351058,0.10204464712508764,51.709916345064116,0.5475596562126426,0.40130934718606515,522.6095811368635,286.9377209126519,1.0
250.0,87.52480141168778,0.09864161899341292,51.96942133971121,0.5464798463229352,0.40180115532175087,521.2029781648841,288.1051736727344,1.0
250.0,87.60823785733282,0.09529970731073008,52.22794291213728,0.5454000364332279,0.4022983474479967,519.7940967512355,289.2777268859735,1.0
250.0,87.69101232881066,0.09202248210625077,52.48529189028489,0.5443202265435206,0.4028009500595302,518.3829099241199,290.45540412353785,1.0
250.0,87.77311833321593,0.08880117488660237,52.74147198997169,0.5432404166538133,0.40330899018952115,516.9693903006624,291.63822940483357,1.0
250.0,87.85454927477579,0.08564322612995216,52.99637410912622,0.542160606764106,0.40382249542283605,515.5535100786037,292.82622721569294,1.0
250.0,87.93529845322546,0.08254331516685033,53.24997147190099,0.5410807968743987,0.40434149390977075,514.1352410278239,294.01942252720715,1.0
250.0,88.01535906223006,0.07950466252135185,53.50218111844198,0.5400009869846913,0.4048660143809553,512.7145544818038,295.2178408164532,1.0
250.0,88.09472418769893,0.07652572763176903,53.7528319952915,0.5389211770949841,0.4053960861619206,511.29142132873915,296.4215080863793,1.0
250.0,88.17338680607263,0.07360507842418823,54.00196594810398,0.5378413672052769,0.40593173918813147,509.86581200241733,297.6304508862433,1.0
250.0,88.25133978259173,0.07074433793513128,54.2493781729724,0.5367615573155695,0.40647300402057973,508.43769647294204,298.8446963328807,1.0
250.0,88.32857586951178,0.06794110301188884,54.49505760299983,0.5356817474258622,0.40701991186178765,507.0070442371526,300.0642721323773,1.0
250.0,88.40508770426568,0.06519576110940839,54.73897549667733,0.5346019375361549,0.4075724945718447,505.573824308785,301.2892066015864,1.0
250.0,88.48086780762176,0.06250712726130701,54.98098026040948,0.5335221276464477,0.40813078468567304,504.13800520846473,302.51952869153405,1.0
250.0,88.55590858171597,0.059876672492622816,55.221078462075695,0.5324423177567403,0.40869481542932296,502.6995549532386,303.75526800884217,1.0
250.0,88.63020230813932,0.057301578569540226,55.45914767584264,0.531362507867033,0.40926462073828934,501.2584410460519,304.9964548404342,1.0
250.0,88.70374114589308,0.05478194458459089,55.69507581831779,0.5302826979773257,0.4098402352752511,499.8146304647896,306.2431201769269,1.0
250.0,88.7765171293348,0.05231899892092739,55.928887989447816,0.5292028880876185,0.41042169444847354,498.3680896510468,307.49529573689557,1.0
250.0,88.84852216606859,0.049910386670447685,56.16043866210048,0.5281230781979112,0.41100903443103537,496.9187844986382,308.7530139922689,1.0
250.0,88.91974803473029,0.04755576392776361,56.389656613318415,0.5270432683082038,0.41160229217972627,495.46668034165674,310.01630819280973,1.0
250.0,88.9901863827974,0.045255590448162644,56.61652471570084,0.5259634584184966,0.41220150545537365,494.0117419423622,311.2852123928147,1.0
250.0,89.05982872429364,0.04300841425915897,56.84098896742911,0.5248836485287893,0.4128067128433846,492.55393347865186,312.5597614778136,1.0
250.0,89.1286664373925,0.04081979420532131,57.062901559009305,0.523803838639082,0.4134179537742552,491.09321853107195,313.8399911908241,1.0
250.0,89.19669076209374,0.03867307478989637,57.282258157061406,0.5227240287493746,0.41403526854625033,489.6295600697616,315.1259381621554,1.0
250.0,89.26389279758166,0.036583280910655186,57.49903627310717,0.5216442188596674,0.41465869834537794,488.16292044043115,316.41763993390805,1.0
250.0,89.33026349981773,0.03454464032783705,57.713147058141885,0.5205644089699601,0.41528828527031136,486.69326135067257,317.7151349929447,1.0
250.0,89.39579367881167,0.032556921707642,57.92448304232056,0.5194845990802528,0.41592407235419854,485.2205438552264,319.01846279784525,1.0
250.0,89.46047399597221,0.030619831825303725,58.133001338051514,0.5184047891905454,0.41656610358962937,483.7447283412171,320.3276638110266,1.0
250.0,89.52429496130179,0.02873167765656329,58.33868588747236,0.5173249793008382,0.41721442395292707,482.2657745127474,321.64277952925005,1.0
250.0,90.42017963136114,0.007502872608888009,-58.1033051332627,0.5000480210655214,0.42848380633586336,458.1399071820525,343.5274255446044,1.0000000000001292
250.0,90.46777750576415,0.0067551663690303574,-62.86589713159048,0.49896821117581414,0.4292470112265054,456.60068962867786,344.9506096678575,1.0
250.0,90.51431555619341,0.0060637013081139045,-62.30382264942703,0.4978884012861068,0.430017515839927,455.05747083920306,346.3806728505729,1.0
250.0,90.60415982221484,0.004834458363508984,0.0,0.4957287815066922,0.4315807037417657,451.9588005925934,349.26171131861366,1.0000000026070366
250.0,90.6896053621275,0.003795264379434739,63.47463396974481,0.4935691617272776,0.43317394604033593,448.8434271145844,352.17110981869797,1.0
250.0,90.73064409629971,0.003341267168704489,-62.00602786886485,0.49248935183757037,0.43398202527510743,447.2793248389778,353.63663047587113,1.0
250.0,90.77054123109191,0.0029270719366161755,0.0,0.491409541947863,0.43479784701303203,445.71086209978967,355.10946895378254,1.0000000001965668
250.0,90.8092822600707,0.002552036950418605,-66.66674644179093,0.4903297320581558,0.4356214914847314,444.1379747143688,356.5897056146097,1.0
250.0,90.84685240884204,0.0022125826466804937,-54.30086222537194,0.4892499221684484,0.4364530409072469,442.560597172642,358.0774230629762,1.0000000000573124
250.0,90.883236627796,0.0019072334439010957,-62.328024211978025,0.4881701122787412,0.437292579538115,440.9786625975288,359.5727062064409,1.0
250.0,90.91841958498362,0.0016335668367439755,-62.07664313782969,0.48709030238903384,0.4381401937507357,439.3921027050871,361.0756423504101,1.0
250.0,90.9523856580627,0.001388004517581612,-60.84026144022697,0.4860104924993266,0.43899597208512464,437.8008477610418,362.58632125032284,1.0
250.0,90.9851189264255,0.0011731020230655667,75.03945052901017,0.48493068260961925,0.4398600053242098,436.2048265371423,364.10483520526736,1.0
250.0,91.01660316285458,0.0009825778193872064,74.55789785057947,0.483850872719912,0.4407323865687647,434.6039662652522,365.63127914762515,1.0
250.0,91.04682182442896,0.0008151550284898804,67.9990027651428,0.48277106283020466,0.4416132112951647,432.99819258824823,367.16575070254146,1.0
250.0,91.07575804387007,0.0006702370047900695,39.447524476014294,0.4816912529404974,0.442502577462236,431.38742951149953,368.70835032738773,1.0
250.0,91.10339461936668,0.0005446890226242794,0.0,0.48061144305079007,0.4434005855582941,429.77159934853995,370.25918135006305,1.0
250.0,91.12971400492407,0.00043781875427905103,62.44511729821354,0.4795316331610828,0.4443073387093569,428.1506226675378,371.81835010694067,1.0
250.0,91.15469829954817,0.00034598552881323483,14.047470701140927,0.4784518232713755,0.4452229427466225,426.5244182329708,373.38596601139426,1.0
250.0,91.17832923671565,0.00026927177052150003,-62.10662818139414,0.47737201338166824,0.4461475063308531,424.8929029473068,374.9621417143958,1.0
250.0,91.20058817255452,0.00020185607204062763,-63.49431933866427,0.4762922034919609,0.44708114103352153,423.2559917873358,376.54699319117697,1.0
250.0,91.22145607346319,0.00015321725059593518,-60.637027606227704,0.47521239360225365,0.44802396141052653,421.6135977374601,378.14063981386585,1.000000000001004
250.0,91.24091350392565,0.00011153872490249342,-77.23135862403029,0.4741325837125463,0.44897608514968734,419.96563172259386,379.74320454293564,1.0
250.0,91.25894061303224,8.247634736106191e-05,-44.77382500238708,0.47305277382283895,0.4499376331701502,418.31200253547075,381.35481403692415,1.0
250.0,91.27551712047752,5.568876757026374e-05,81.5506737896705,0.4719729639331317,0.4509087297413745,416.6526167609031,382.9755987915356,1.0000000002187766
250.0,91.2906223016325,3.823358783560251e-05,-51.87978137193373,0.47089315404342436,0.45188950257908606,414.9873786954964,384.60569323844913,1.0
250.0,91.30423497259368,2.2641269690666377e-05,54.00283387121907,0.4698133441537171,0.4528800830359641,413.31619026603744,386.2452359956967,1.0000000002019103
250.0,91.31633347368233,1.1555186857567605e-05,0.0,0.46873353426400977,0.45388060622720255,411.63895094100116,387.8943700080786,1.0000000000001092
250.0,91.32689565125563,8.280976865680713e-06,-66.71978350118502,0.4676537243743025,0.4548912109916335,409.9555576343819,389.5532424181659,1.0000000000020874
250.0,91.33589884190857,1.4334398972641795e-06,0.0,0.4665739144845952,0.4559120404317238,408.26590461696253,391.2220053726509,1.00000000982985
250.0,91.34331985036455,2.271162408378586e-06,54.4265435545533,0.46549410459488794,0.4569432414430776,406.56988340265156,392.90081518825764,1.000000001799629
250.0,91.3491349340441,-1.596242959567462e-06,0.0,0.4644142947051806,0.45798496612433504,404.8673826583168,394.589834551198,1.0000000045530337
250.0,91.35331977709868,1.3121259935360288e-07,-6.819397180258214,0.46333448481547335,0.4590373712216705,403.1582880723349,396.2892315323473,1.000000010980388
250.0,91.35584945561625,1.390206267933536e-07,0.0,0.462254674925766,0.4601006031349203,401.44248218616667,397.99915548533573,1.0000000107076557
250.0,91.35669847369124,-1.2245029211044311e-11,0.0,0.46117486503605876,0.46117486503605876,399.7198445003815,399.7198445003815,1.0
